-8766
-8762
-8761
-8755
-8754
-8748
-8747
-8741
-8740
-8734
-8733
-8727
-8726
-8720
-8719
-8713
-8712
-8706
-8705
-8704
-8703
-8699
-8698
-8692
-8691
-8685
-8684
-8678
-8677
-8671
-8670
-8664
-8663
-8658
-8657
-8656
-8650
-8649
-8646
-8643
-8642
-8636
-8635
-8629
-8628
-8622
-8621
-8615
-8614
-8608
-8607
-8601
-8600
-8596
-8594
-8593
-8587
-8586
-8580
-8579
-8573
-8572
-8566
-8565
-8559
-8558
-8552
-8551
-8545
-8544
-8538
-8537
-8531
-8530
-8524
-8523
-8517
-8516
-8510
-8509
-8503
-8502
-8496
-8495
-8489
-8488
-8482
-8481
-8475
-8474
-8468
-8467
-8461
-8460
-8454
-8453
-8448
-8447
-8446
-8440
-8439
-8433
-8432
-8426
-8425
-8419
-8418
-8412
-8411
-8408
-8405
-8404
-8401
-8398
-8397
-8391
-8390
-8384
-8383
-8377
-8376
-8370
-8369
-8363
-8362
-8356
-8355
-8354
-8353
-8349
-8348
-8342
-8341
-8335
-8334
-8328
-8327
-8321
-8320
-8314
-8313
-8308
-8307
-8306
-8300
-8299
-8293
-8292
-8291
-8286
-8285
-8281
-8279
-8278
-8272
-8271
-8265
-8264
-8258
-8257
-8251
-8250
-8246
-8244
-8243
-8237
-8236
-8230
-8229
-8223
-8222
-8216
-8215
-8209
-8208
-8202
-8201
-8195
-8194
-8188
-8187
-8181
-8180
-8174
-8173
-8167
-8166
-8160
-8159
-8153
-8152
-8146
-8145
-8139
-8138
-8132
-8131
-8125
-8124
-8118
-8117
-8111
-8110
-8104
-8103
-8097
-8096
-8090
-8089
-8083
-8082
-8076
-8075
-8069
-8068
-8062
-8061
-8055
-8054
-8048
-8047
-8043
-8041
-8040
-8036
-8034
-8033
-8027
-8026
-8020
-8019
-8013
-8012
-8006
-8005
-7999
-7998
-7997
-7996
-7992
-7991
-7985
-7984
-7978
-7977
-7971
-7970
-7964
-7963
-7957
-7956
-7951
-7950
-7949
-7943
-7942
-7936
-7935
-7929
-7928
-7925
-7922
-7921
-7915
-7914
-7908
-7907
-7901
-7900
-7894
-7893
-7889
-7887
-7886
-7880
-7879
-7873
-7872
-7866
-7865
-7859
-7858
-7852
-7851
-7845
-7844
-7838
-7837
-7831
-7830
-7824
-7823
-7817
-7816
-7810
-7809
-7803
-7802
-7796
-7795
-7789
-7788
-7786
-7782
-7781
-7775
-7774
-7768
-7767
-7761
-7760
-7754
-7753
-7751
-7747
-7746
-7740
-7739
-7733
-7732
-7730
-7726
-7725
-7719
-7718
-7717
-7712
-7711
-7705
-7704
-7698
-7697
-7691
-7690
-7684
-7683
-7677
-7676
-7670
-7669
-7663
-7662
-7656
-7655
-7649
-7648
-7642
-7641
-7635
-7634
-7628
-7627
-7621
-7620
-7614
-7613
-7612
-7611
-7607
-7606
-7600
-7599
-7593
-7592
-7586
-7585
-7579
-7578
-7572
-7571
-7566
-7565
-7564
-7560
-7558
-7557
-7551
-7550
-7544
-7543
-7537
-7536
-7530
-7529
-7523
-7522
-7516
-7515
-7509
-7508
-7504
-7502
-7501
-7495
-7494
-7488
-7487
-7481
-7480
-7474
-7473
-7467
-7466
-7460
-7459
-7453
-7452
-7446
-7445
-7439
-7438
-7432
-7431
-7425
-7424
-7421
-7418
-7417
-7411
-7410
-7404
-7403
-7397
-7396
-7390
-7389
-7386
-7383
-7382
-7376
-7375
-7369
-7368
-7365
-7362
-7361
-7355
-7354
-7352
-7348
-7347
-7341
-7340
-7334
-7333
-7327
-7326
-7320
-7319
-7313
-7312
-7306
-7305
-7299
-7298
-7292
-7291
-7285
-7284
-7278
-7277
-7271
-7270
-7264
-7263
-7257
-7256
-7255
-7254
-7250
-7249
-7243
-7242
-7236
-7235
-7229
-7228
-7222
-7221
-7215
-7214
-7209
-7208
-7207
-7201
-7200
-7195
-7194
-7193
-7187
-7186
-7185
-7180
-7179
-7173
-7172
-7166
-7165
-7159
-7158
-7152
-7151
-7147
-7145
-7144
-7138
-7137
-7131
-7130
-7124
-7123
-7117
-7116
-7110
-7109
-7103
-7102
-7096
-7095
-7089
-7088
-7082
-7081
-7075
-7074
-7068
-7067
-7061
-7060
-7056
-7054
-7053
-7047
-7046
-7040
-7039
-7033
-7032
-7026
-7025
-7021
-7019
-7018
-7012
-7011
-7005
-7004
-7000
-6998
-6997
-6991
-6990
-6987
-6984
-6983
-6977
-6976
-6970
-6969
-6963
-6962
-6956
-6955
-6949
-6948
-6947
-6942
-6941
-6940
-6935
-6934
-6928
-6927
-6921
-6920
-6914
-6913
-6907
-6906
-6900
-6899
-6893
-6892
-6886
-6885
-6881
-6880
-6879
-6878
-6872
-6871
-6865
-6864
-6858
-6857
-6851
-6850
-6844
-6843
-6837
-6836
-6835
-6830
-6829
-6823
-6822
-6820
-6816
-6815
-6809
-6808
-6802
-6801
-6797
-6795
-6794
-6788
-6787
-6781
-6780
-6774
-6773
-6767
-6766
-6760
-6759
-6753
-6752
-6746
-6745
-6739
-6738
-6732
-6731
-6725
-6724
-6718
-6717
-6711
-6710
-6704
-6703
-6697
-6696
-6691
-6690
-6689
-6683
-6682
-6676
-6675
-6669
-6668
-6662
-6661
-6656
-6655
-6654
-6648
-6647
-6641
-6640
-6635
-6634
-6633
-6627
-6626
-6622
-6620
-6619
-6613
-6612
-6606
-6605
-6599
-6598
-6592
-6591
-6585
-6584
-6582
-6578
-6577
-6575
-6571
-6570
-6564
-6563
-6557
-6556
-6550
-6549
-6543
-6542
-6536
-6535
-6529
-6528
-6522
-6521
-6520
-6519
-6515
-6514
-6508
-6507
-6501
-6500
-6494
-6493
-6487
-6486
-6480
-6479
-6474
-6473
-6472
-6466
-6465
-6464
-6459
-6458
-6454
-6452
-6451
-6445
-6444
-6438
-6437
-6431
-6430
-6424
-6423
-6417
-6416
-6412
-6410
-6409
-6403
-6402
-6396
-6395
-6389
-6388
-6382
-6381
-6375
-6374
-6368
-6367
-6361
-6360
-6354
-6353
-6347
-6346
-6340
-6339
-6333
-6332
-6326
-6325
-6319
-6318
-6312
-6311
-6305
-6304
-6298
-6297
-6291
-6290
-6284
-6283
-6277
-6276
-6270
-6269
-6263
-6262
-6256
-6255
-6249
-6248
-6242
-6241
-6235
-6234
-6228
-6227
-6221
-6220
-6216
-6214
-6213
-6209
-6207
-6206
-6200
-6199
-6193
-6192
-6186
-6185
-6179
-6178
-6172
-6171
-6165
-6164
-6163
-6162
-6158
-6157
-6151
-6150
-6144
-6143
-6137
-6136
-6130
-6129
-6123
-6122
-6117
-6116
-6115
-6109
-6108
-6102
-6101
-6099
-6095
-6094
-6089
-6088
-6087
-6081
-6080
-6074
-6073
-6067
-6066
-6060
-6059
-6055
-6053
-6052
-6046
-6045
-6039
-6038
-6032
-6031
-6025
-6024
-6018
-6017
-6011
-6010
-6004
-6003
-5997
-5996
-5990
-5989
-5983
-5982
-5976
-5975
-5969
-5968
-5962
-5961
-5960
-5955
-5954
-5948
-5947
-5941
-5940
-5934
-5933
-5927
-5926
-5925
-5920
-5919
-5913
-5912
-5906
-5905
-5904
-5899
-5898
-5892
-5891
-5885
-5884
-5878
-5877
-5871
-5870
-5864
-5863
-5857
-5856
-5851
-5850
-5849
-5844
-5843
-5842
-5836
-5835
-5829
-5828
-5822
-5821
-5815
-5814
-5808
-5807
-5801
-5800
-5794
-5793
-5787
-5786
-5785
-5784
-5780
-5779
-5773
-5772
-5766
-5765
-5759
-5758
-5752
-5751
-5745
-5744
-5739
-5738
-5737
-5734
-5731
-5730
-5724
-5723
-5717
-5716
-5710
-5709
-5703
-5702
-5696
-5695
-5689
-5688
-5682
-5681
-5677
-5675
-5674
-5668
-5667
-5661
-5660
-5654
-5653
-5647
-5646
-5640
-5639
-5633
-5632
-5626
-5625
-5619
-5618
-5612
-5611
-5605
-5604
-5598
-5597
-5595
-5591
-5590
-5584
-5583
-5577
-5576
-5570
-5569
-5563
-5562
-5560
-5556
-5555
-5549
-5548
-5542
-5541
-5539
-5535
-5534
-5528
-5527
-5526
-5521
-5520
-5514
-5513
-5507
-5506
-5500
-5499
-5493
-5492
-5486
-5485
-5479
-5478
-5472
-5471
-5465
-5464
-5458
-5457
-5451
-5450
-5444
-5443
-5437
-5436
-5430
-5429
-5428
-5427
-5423
-5422
-5416
-5415
-5409
-5408
-5402
-5401
-5395
-5394
-5388
-5387
-5382
-5381
-5380
-5374
-5373
-5369
-5367
-5366
-5360
-5359
-5353
-5352
-5346
-5345
-5339
-5338
-5332
-5331
-5325
-5324
-5320
-5318
-5317
-5311
-5310
-5304
-5303
-5297
-5296
-5290
-5289
-5283
-5282
-5276
-5275
-5269
-5268
-5262
-5261
-5255
-5254
-5248
-5247
-5241
-5240
-5234
-5233
-5230
-5227
-5226
-5220
-5219
-5213
-5212
-5206
-5205
-5199
-5198
-5195
-5192
-5191
-5185
-5184
-5178
-5177
-5174
-5171
-5170
-5164
-5163
-5161
-5157
-5156
-5150
-5149
-5143
-5142
-5136
-5135
-5129
-5128
-5122
-5121
-5115
-5114
-5108
-5107
-5101
-5100
-5094
-5093
-5087
-5086
-5080
-5079
-5073
-5072
-5071
-5070
-5066
-5065
-5059
-5058
-5052
-5051
-5045
-5044
-5038
-5037
-5031
-5030
-5025
-5024
-5023
-5017
-5016
-5010
-5009
-5003
-5002
-4996
-4995
-4993
-4989
-4988
-4982
-4981
-4975
-4974
-4968
-4967
-4963
-4961
-4960
-4954
-4953
-4947
-4946
-4940
-4939
-4933
-4932
-4926
-4925
-4919
-4918
-4912
-4911
-4905
-4904
-4898
-4897
-4891
-4890
-4884
-4883
-4877
-4876
-4870
-4869
-4864
-4863
-4862
-4856
-4855
-4849
-4848
-4842
-4841
-4835
-4834
-4829
-4828
-4827
-4821
-4820
-4814
-4813
-4808
-4807
-4806
-4800
-4799
-4795
-4793
-4792
-4786
-4785
-4779
-4778
-4772
-4771
-4765
-4764
-4758
-4757
-4755
-4751
-4750
-4748
-4744
-4743
-4737
-4736
-4730
-4729
-4723
-4722
-4716
-4715
-4709
-4708
-4702
-4701
-4695
-4694
-4688
-4687
-4686
-4685
-4681
-4680
-4674
-4673
-4667
-4666
-4660
-4659
-4653
-4652
-4646
-4645
-4640
-4639
-4638
-4632
-4631
-4628
-4625
-4624
-4618
-4617
-4611
-4610
-4604
-4603
-4597
-4596
-4590
-4589
-4583
-4582
-4578
-4576
-4575
-4569
-4568
-4562
-4561
-4555
-4554
-4548
-4547
-4541
-4540
-4534
-4533
-4527
-4526
-4520
-4519
-4513
-4512
-4506
-4505
-4499
-4498
-4492
-4491
-4485
-4484
-4478
-4477
-4471
-4470
-4464
-4463
-4457
-4456
-4450
-4449
-4443
-4442
-4436
-4435
-4430
-4429
-4428
-4422
-4421
-4415
-4414
-4408
-4407
-4401
-4400
-4394
-4393
-4390
-4387
-4386
-4383
-4380
-4379
-4373
-4372
-4366
-4365
-4359
-4358
-4352
-4351
-4345
-4344
-4338
-4337
-4336
-4335
-4331
-4330
-4324
-4323
-4317
-4316
-4310
-4309
-4303
-4302
-4296
-4295
-4290
-4289
-4288
-4282
-4281
-4275
-4274
-4273
-4268
-4267
-4263
-4261
-4260
-4254
-4253
-4247
-4246
-4240
-4239
-4233
-4232
-4228
-4226
-4225
-4219
-4218
-4212
-4211
-4205
-4204
-4198
-4197
-4191
-4190
-4184
-4183
-4177
-4176
-4170
-4169
-4163
-4162
-4156
-4155
-4149
-4148
-4142
-4141
-4135
-4134
-4128
-4127
-4121
-4120
-4114
-4113
-4107
-4106
-4100
-4099
-4093
-4092
-4086
-4085
-4079
-4078
-4072
-4071
-4065
-4064
-4058
-4057
-4051
-4050
-4044
-4043
-4037
-4036
-4030
-4029
-4025
-4023
-4022
-4018
-4016
-4015
-4009
-4008
-4002
-4001
-3995
-3994
-3988
-3987
-3981
-3980
-3979
-3978
-3974
-3973
-3967
-3966
-3960
-3959
-3953
-3952
-3946
-3945
-3939
-3938
-3933
-3932
-3931
-3925
-3924
-3918
-3917
-3911
-3910
-3908
-3904
-3903
-3898
-3897
-3896
-3890
-3889
-3883
-3882
-3876
-3875
-3871
-3869
-3868
-3862
-3861
-3855
-3854
-3848
-3847
-3841
-3840
-3834
-3833
-3827
-3826
-3820
-3819
-3813
-3812
-3806
-3805
-3799
-3798
-3792
-3791
-3785
-3784
-3778
-3777
-3771
-3770
-3769
-3764
-3763
-3757
-3756
-3750
-3749
-3743
-3742
-3736
-3735
-3734
-3729
-3728
-3722
-3721
-3715
-3714
-3713
-3708
-3707
-3701
-3700
-3694
-3693
-3687
-3686
-3680
-3679
-3673
-3672
-3666
-3665
-3660
-3659
-3658
-3653
-3652
-3651
-3645
-3644
-3638
-3637
-3631
-3630
-3624
-3623
-3617
-3616
-3610
-3609
-3603
-3602
-3596
-3595
-3594
-3593
-3589
-3588
-3582
-3581
-3575
-3574
-3568
-3567
-3561
-3560
-3554
-3553
-3548
-3547
-3546
-3542
-3540
-3539
-3533
-3532
-3526
-3525
-3519
-3518
-3512
-3511
-3505
-3504
-3498
-3497
-3491
-3490
-3486
-3484
-3483
-3477
-3476
-3470
-3469
-3463
-3462
-3456
-3455
-3449
-3448
-3442
-3441
-3435
-3434
-3428
-3427
-3421
-3420
-3414
-3413
-3407
-3406
-3403
-3400
-3399
-3393
-3392
-3386
-3385
-3379
-3378
-3372
-3371
-3368
-3365
-3364
-3358
-3357
-3351
-3350
-3347
-3344
-3343
-3337
-3336
-3334
-3330
-3329
-3323
-3322
-3316
-3315
-3309
-3308
-3302
-3301
-3295
-3294
-3288
-3287
-3281
-3280
-3274
-3273
-3267
-3266
-3260
-3259
-3253
-3252
-3246
-3245
-3244
-3243
-3239
-3238
-3232
-3231
-3225
-3224
-3218
-3217
-3211
-3210
-3204
-3203
-3198
-3197
-3196
-3190
-3189
-3183
-3182
-3177
-3176
-3175
-3169
-3168
-3167
-3162
-3161
-3155
-3154
-3148
-3147
-3141
-3140
-3136
-3134
-3133
-3127
-3126
-3120
-3119
-3113
-3112
-3106
-3105
-3099
-3098
-3092
-3091
-3085
-3084
-3078
-3077
-3071
-3070
-3064
-3063
-3057
-3056
-3050
-3049
-3043
-3042
-3038
-3036
-3035
-3029
-3028
-3022
-3021
-3015
-3014
-3008
-3007
-3003
-3001
-3000
-2994
-2993
-2987
-2986
-2982
-2980
-2979
-2973
-2972
-2969
-2966
-2965
-2959
-2958
-2952
-2951
-2945
-2944
-2938
-2937
-2931
-2930
-2929
-2924
-2923
-2922
-2917
-2916
-2910
-2909
-2903
-2902
-2896
-2895
-2889
-2888
-2882
-2881
-2875
-2874
-2868
-2867
-2861
-2860
-2859
-2858
-2854
-2853
-2847
-2846
-2840
-2839
-2833
-2832
-2826
-2825
-2819
-2818
-2813
-2812
-2811
-2805
-2804
-2802
-2798
-2797
-2791
-2790
-2784
-2783
-2777
-2776
-2770
-2769
-2763
-2762
-2756
-2755
-2751
-2749
-2748
-2742
-2741
-2735
-2734
-2728
-2727
-2721
-2720
-2714
-2713
-2707
-2706
-2700
-2699
-2693
-2692
-2686
-2685
-2679
-2678
-2673
-2672
-2671
-2665
-2664
-2658
-2657
-2651
-2650
-2644
-2643
-2638
-2637
-2636
-2630
-2629
-2623
-2622
-2617
-2616
-2615
-2609
-2608
-2604
-2602
-2601
-2595
-2594
-2588
-2587
-2581
-2580
-2574
-2573
-2567
-2566
-2564
-2560
-2559
-2557
-2553
-2552
-2546
-2545
-2539
-2538
-2532
-2531
-2525
-2524
-2518
-2517
-2511
-2510
-2504
-2503
-2502
-2501
-2497
-2496
-2490
-2489
-2483
-2482
-2476
-2475
-2469
-2468
-2462
-2461
-2456
-2455
-2454
-2448
-2447
-2441
-2440
-2437
-2434
-2433
-2427
-2426
-2420
-2419
-2413
-2412
-2406
-2405
-2399
-2398
-2394
-2392
-2391
-2385
-2384
-2378
-2377
-2371
-2370
-2364
-2363
-2357
-2356
-2350
-2349
-2343
-2342
-2336
-2335
-2329
-2328
-2322
-2321
-2315
-2314
-2308
-2307
-2301
-2300
-2294
-2293
-2287
-2286
-2280
-2279
-2273
-2272
-2266
-2265
-2259
-2258
-2252
-2251
-2245
-2244
-2239
-2238
-2237
-2231
-2230
-2224
-2223
-2217
-2216
-2210
-2209
-2203
-2202
-2199
-2196
-2195
-2192
-2189
-2188
-2182
-2181
-2175
-2174
-2168
-2167
-2161
-2160
-2154
-2153
-2152
-2151
-2147
-2146
-2140
-2139
-2133
-2132
-2126
-2125
-2119
-2118
-2112
-2111
-2106
-2105
-2104
-2098
-2097
-2091
-2090
-2084
-2083
-2081
-2077
-2076
-2071
-2070
-2069
-2063
-2062
-2056
-2055
-2049
-2048
-2044
-2042
-2041
-2035
-2034
-2028
-2027
-2021
-2020
-2014
-2013
-2007
-2006
-2000
-1999
-1993
-1992
-1986
-1985
-1979
-1978
-1972
-1971
-1965
-1964
-1958
-1957
-1951
-1950
-1944
-1943
-1942
-1937
-1936
-1930
-1929
-1923
-1922
-1916
-1915
-1909
-1908
-1907
-1902
-1901
-1895
-1894
-1888
-1887
-1886
-1881
-1880
-1874
-1873
-1867
-1866
-1860
-1859
-1853
-1852
-1846
-1845
-1839
-1838
-1833
-1832
-1831
-1826
-1825
-1824
-1818
-1817
-1811
-1810
-1804
-1803
-1797
-1796
-1790
-1789
-1783
-1782
-1776
-1775
-1769
-1768
-1767
-1766
-1762
-1761
-1755
-1754
-1748
-1747
-1741
-1740
-1734
-1733
-1727
-1726
-1721
-1720
-1719
-1716
-1713
-1712
-1706
-1705
-1699
-1698
-1692
-1691
-1685
-1684
-1678
-1677
-1671
-1670
-1664
-1663
-1659
-1657
-1656
-1650
-1649
-1643
-1642
-1636
-1635
-1629
-1628
-1622
-1621
-1615
-1614
-1608
-1607
-1601
-1600
-1594
-1593
-1587
-1586
-1580
-1579
-1577
-1573
-1572
-1566
-1565
-1559
-1558
-1552
-1551
-1545
-1544
-1542
-1538
-1537
-1531
-1530
-1524
-1523
-1521
-1517
-1516
-1510
-1509
-1508
-1503
-1502
-1496
-1495
-1489
-1488
-1482
-1481
-1475
-1474
-1468
-1467
-1461
-1460
-1454
-1453
-1447
-1446
-1440
-1439
-1433
-1432
-1426
-1425
-1419
-1418
-1412
-1411
-1410
-1409
-1405
-1404
-1398
-1397
-1391
-1390
-1384
-1383
-1377
-1376
-1370
-1369
-1364
-1363
-1362
-1356
-1355
-1351
-1349
-1348
-1342
-1341
-1335
-1334
-1328
-1327
-1321
-1320
-1314
-1313
-1307
-1306
-1302
-1300
-1299
-1293
-1292
-1286
-1285
-1279
-1278
-1272
-1271
-1265
-1264
-1258
-1257
-1251
-1250
-1244
-1243
-1237
-1236
-1230
-1229
-1223
-1222
-1216
-1215
-1212
-1209
-1208
-1202
-1201
-1195
-1194
-1188
-1187
-1181
-1180
-1177
-1174
-1173
-1167
-1166
-1160
-1159
-1156
-1153
-1152
-1146
-1145
-1143
-1139
-1138
-1132
-1131
-1125
-1124
-1118
-1117
-1111
-1110
-1104
-1103
-1097
-1096
-1090
-1089
-1083
-1082
-1076
-1075
-1069
-1068
-1062
-1061
-1055
-1054
-1048
-1047
-1041
-1040
-1036
-1035
-1034
-1033
-1027
-1026
-1020
-1019
-1013
-1012
-1006
-1005
-999
-998
-992
-991
-990
-986
-985
-984
-978
-977
-976
-971
-970
-964
-963
-957
-956
-952
-950
-949
-943
-942
-936
-935
-929
-928
-922
-921
-915
-914
-908
-907
-901
-900
-894
-893
-887
-886
-880
-879
-873
-872
-866
-865
-859
-858
-852
-851
-847
-845
-844
-838
-837
-831
-830
-824
-823
-817
-816
-812
-810
-809
-803
-802
-796
-795
-791
-789
-788
-782
-781
-778
-775
-774
-768
-767
-761
-760
-754
-753
-747
-746
-740
-739
-738
-733
-732
-731
-726
-725
-719
-718
-712
-711
-705
-704
-698
-697
-691
-690
-684
-683
-677
-676
-675
-674
-670
-669
-663
-662
-656
-655
-649
-648
-642
-641
-635
-634
-629
-628
-627
-621
-620
-614
-613
-610
-607
-606
-600
-599
-593
-592
-586
-585
-579
-578
-572
-571
-567
-565
-564
-558
-557
-551
-550
-544
-543
-537
-536
-530
-529
-523
-522
-516
-515
-509
-508
-502
-501
-495
-494
-488
-487
-481
-480
-474
-473
-467
-466
-460
-459
-453
-452
-446
-445
-439
-438
-432
-431
-425
-424
-418
-417
-412
-411
-410
-404
-403
-397
-396
-390
-389
-383
-382
-376
-375
-372
-369
-368
-365
-362
-361
-355
-354
-348
-347
-341
-340
-334
-333
-327
-326
-320
-319
-318
-317
-313
-312
-306
-305
-299
-298
-292
-291
-285
-284
-278
-277
-272
-271
-270
-264
-263
-257
-256
-255
-250
-249
-245
-243
-242
-236
-235
-229
-228
-222
-221
-215
-214
-210
-208
-207
-201
-200
-194
-193
-187
-186
-180
-179
-173
-172
-166
-165
-159
-158
-152
-151
-145
-144
-138
-137
-131
-130
-124
-123
-117
-116
-110
-109
-103
-102
-96
-95
-89
-88
-82
-81
-75
-74
-68
-67
-61
-60
-54
-53
-47
-46
-40
-39
-33
-32
-26
-25
-19
-18
-12
-11
-7
-5
-4
0
2
3
9
10
16
17
23
24
30
31
37
38
39
40
44
45
51
52
58
59
65
66
72
73
79
80
85
86
87
93
94
100
101
107
108
110
114
115
120
121
122
128
129
135
136
142
143
147
149
150
156
157
163
164
170
171
177
178
184
185
191
192
198
199
205
206
212
213
219
220
226
227
233
234
240
241
247
248
249
254
255
261
262
268
269
275
276
282
283
284
289
290
296
297
303
304
305
310
311
317
318
324
325
331
332
338
339
345
346
352
353
358
359
360
365
366
367
373
374
380
381
387
388
394
395
401
402
408
409
415
416
417
418
422
423
429
430
436
437
443
444
450
451
457
458
463
464
465
471
472
475
478
479
485
486
492
493
499
500
506
507
513
514
520
521
525
527
528
534
535
541
542
548
549
555
556
562
563
569
570
576
577
583
584
590
591
597
598
604
605
611
612
614
618
619
625
626
632
633
639
640
646
647
649
653
654
660
661
667
668
670
674
675
681
682
683
688
689
695
696
702
703
709
710
716
717
723
724
730
731
737
738
744
745
751
752
758
759
765
766
772
773
774
775
779
780
786
787
793
794
800
801
807
808
814
815
820
821
822
828
829
835
836
841
842
843
849
850
851
856
857
863
864
870
871
877
878
882
884
885
891
892
898
899
905
906
912
913
919
920
926
927
933
934
940
941
947
948
954
955
961
962
968
969
975
976
980
982
983
989
990
996
997
1003
1004
1010
1011
1015
1017
1018
1024
1025
1031
1032
1036
1038
1039
1045
1046
1049
1052
1053
1059
1060
1066
1067
1073
1074
1080
1081
1087
1088
1089
1094
1095
1096
1101
1102
1108
1109
1115
1116
1122
1123
1129
1130
1136
1137
1143
1144
1150
1151
1157
1158
1159
1160
1164
1165
1171
1172
1178
1179
1185
1186
1192
1193
1199
1200
1205
1206
1207
1213
1214
1216
1220
1221
1227
1228
1234
1235
1241
1242
1248
1249
1255
1256
1262
1263
1267
1269
1270
1276
1277
1283
1284
1290
1291
1297
1298
1304
1305
1311
1312
1318
1319
1325
1326
1332
1333
1339
1340
1345
1346
1347
1353
1354
1360
1361
1367
1368
1374
1375
1380
1381
1382
1388
1389
1395
1396
1401
1402
1403
1409
1410
1414
1416
1417
1423
1424
1430
1431
1437
1438
1444
1445
1451
1452
1454
1458
1459
1461
1465
1466
1472
1473
1479
1480
1486
1487
1493
1494
1500
1501
1507
1508
1514
1515
1516
1517
1521
1522
1528
1529
1535
1536
1542
1543
1549
1550
1556
1557
1562
1563
1564
1570
1571
1577
1578
1581
1584
1585
1591
1592
1598
1599
1605
1606
1612
1613
1619
1620
1624
1626
1627
1633
1634
1640
1641
1647
1648
1654
1655
1661
1662
1668
1669
1675
1676
1682
1683
1689
1690
1696
1697
1703
1704
1710
1711
1717
1718
1724
1725
1731
1732
1738
1739
1745
1746
1752
1753
1759
1760
1766
1767
1773
1774
1779
1780
1781
1787
1788
1794
1795
1801
1802
1808
1809
1815
1816
1819
1822
1823
1826
1829
1830
1836
1837
1843
1844
1850
1851
1857
1858
1864
1865
1866
1867
1871
1872
1878
1879
1885
1886
1892
1893
1899
1900
1906
1907
1912
1913
1914
1920
1921
1927
1928
1934
1935
1936
1941
1942
1946
1948
1949
1955
1956
1962
1963
1969
1970
1974
1976
1977
1983
1984
1990
1991
1997
1998
2004
2005
2011
2012
2018
2019
2025
2026
2032
2033
2039
2040
2046
2047
2053
2054
2060
2061
2067
2068
2074
2075
2081
2082
2088
2089
2095
2096
2102
2103
2109
2110
2116
2117
2123
2124
2130
2131
2137
2138
2144
2145
2151
2152
2158
2159
2165
2166
2172
2173
2179
2180
2184
2186
2187
2191
2193
2194
2200
2201
2207
2208
2214
2215
2221
2222
2228
2229
2235
2236
2242
2243
2249
2250
2251
2252
2256
2257
2263
2264
2270
2271
2277
2278
2284
2285
2291
2292
2297
2298
2299
2302
2305
2306
2312
2313
2319
2320
2326
2327
2333
2334
2340
2341
2347
2348
2354
2355
2359
2361
2362
2368
2369
2375
2376
2382
2383
2389
2390
2396
2397
2403
2404
2410
2411
2417
2418
2424
2425
2431
2432
2438
2439
2441
2445
2446
2452
2453
2459
2460
2466
2467
2473
2474
2476
2480
2481
2487
2488
2494
2495
2497
2501
2502
2508
2509
2510
2515
2516
2522
2523
2529
2530
2536
2537
2543
2544
2550
2551
2557
2558
2564
2565
2571
2572
2578
2579
2585
2586
2592
2593
2599
2600
2606
2607
2608
2609
2613
2614
2620
2621
2627
2628
2634
2635
2641
2642
2648
2649
2654
2655
2656
2662
2663
2667
2669
2670
2676
2677
2683
2684
2690
2691
2697
2698
2704
2705
2711
2712
2716
2718
2719
2725
2726
2732
2733
2739
2740
2746
2747
2753
2754
2760
2761
2767
2768
2774
2775
2781
2782
2788
2789
2795
2796
2802
2803
2806
2809
2810
2816
2817
2823
2824
2830
2831
2837
2838
2841
2844
2845
2851
2852
2858
2859
2862
2865
2866
2872
2873
2875
2879
2880
2886
2887
2893
2894
2900
2901
2907
2908
2914
2915
2921
2922
2928
2929
2935
2936
2942
2943
2949
2950
2956
2957
2963
2964
2970
2971
2977
2978
2982
2983
2984
2985
2991
2992
2998
2999
3005
3006
3012
3013
3019
3020
3026
3027
3028
3032
3033
3034
3040
3041
3042
3047
3048
3054
3055
3061
3062
3066
3068
3069
3075
3076
3082
3083
3089
3090
3096
3097
3103
3104
3110
3111
3117
3118
3124
3125
3131
3132
3138
3139
3145
3146
3152
3153
3159
3160
3166
3167
3171
3173
3174
3180
3181
3187
3188
3194
3195
3201
3202
3206
3208
3209
3215
3216
3222
3223
3227
3229
3230
3236
3237
3240
3243
3244
3250
3251
3257
3258
3264
3265
3271
3272
3278
3279
3280
3285
3286
3287
3292
3293
3299
3300
3306
3307
3313
3314
3320
3321
3327
3328
3334
3335
3341
3342
3343
3344
3348
3349
3355
3356
3362
3363
3369
3370
3376
3377
3383
3384
3389
3390
3391
3397
3398
3404
3405
3407
3411
3412
3418
3419
3425
3426
3432
3433
3439
3440
3446
3447
3451
3453
3454
3460
3461
3467
3468
3474
3475
3481
3482
3488
3489
3495
3496
3502
3503
3509
3510
3516
3517
3523
3524
3530
3531
3536
3537
3538
3544
3545
3551
3552
3558
3559
3565
3566
3571
3572
3573
3579
3580
3586
3587
3592
3593
3594
3600
3601
3605
3607
3608
3614
3615
3621
3622
3628
3629
3635
3636
3642
3643
3645
3649
3650
3652
3656
3657
3663
3664
3670
3671
3677
3678
3684
3685
3691
3692
3698
3699
3700
3701
3705
3706
3712
3713
3719
3720
3726
3727
3733
3734
3740
3741
3746
3747
3748
3754
3755
3761
3762
3763
3768
3769
3773
3775
3776
3782
3783
3789
3790
3796
3797
3803
3804
3808
3810
3811
3817
3818
3824
3825
3831
3832
3838
3839
3845
3846
3852
3853
3859
3860
3866
3867
3873
3874
3880
3881
3887
3888
3894
3895
3901
3902
3908
3909
3915
3916
3922
3923
3929
3930
3936
3937
3943
3944
3950
3951
3957
3958
3964
3965
3971
3972
3978
3979
3985
3986
3992
3993
3999
4000
4006
4007
4011
4013
4014
4018
4020
4021
4027
4028
4034
4035
4041
4042
4048
4049
4055
4056
4062
4063
4069
4070
4076
4077
4078
4079
4083
4084
4090
4091
4097
4098
4104
4105
4111
4112
4118
4119
4124
4125
4126
4128
4132
4133
4138
4139
4140
4146
4147
4153
4154
4160
4161
4167
4168
4174
4175
4181
4182
4186
4188
4189
4195
4196
4202
4203
4209
4210
4216
4217
4223
4224
4230
4231
4237
4238
4244
4245
4251
4252
4258
4259
4265
4266
4267
4272
4273
4279
4280
4286
4287
4293
4294
4300
4301
4302
4307
4308
4314
4315
4321
4322
4323
4328
4329
4335
4336
4342
4343
4349
4350
4356
4357
4363
4364
4370
4371
4376
4377
4378
4383
4384
4385
4391
4392
4398
4399
4405
4406
4412
4413
4419
4420
4426
4427
4433
4434
4435
4436
4440
4441
4447
4448
4454
4455
4461
4462
4468
4469
4475
4476
4481
4482
4483
4489
4490
4493
4496
4497
4503
4504
4510
4511
4517
4518
4524
4525
4531
4532
4538
4539
4543
4545
4546
4552
4553
4559
4560
4566
4567
4573
4574
4580
4581
4587
4588
4594
4595
4601
4602
4608
4609
4615
4616
4622
4623
4629
4630
4632
4636
4637
4643
4644
4650
4651
4657
4658
4664
4665
4667
4671
4672
4678
4679
4685
4686
4688
4692
4693
4699
4700
4701
4706
4707
4713
4714
4720
4721
4727
4728
4734
4735
4741
4742
4748
4749
4755
4756
4762
4763
4769
4770
4776
4777
4783
4784
4790
4791
4792
4793
4797
4798
4804
4805
4811
4812
4818
4819
4825
4826
4832
4833
4838
4839
4840
4846
4847
4853
4854
4858
4860
4861
4867
4868
4874
4875
4881
4882
4888
4889
4895
4896
4900
4902
4903
4909
4910
4916
4917
4923
4924
4930
4931
4937
4938
4944
4945
4951
4952
4958
4959
4965
4966
4972
4973
4979
4980
4986
4987
4993
4994
4997
5000
5001
5007
5008
5014
5015
5021
5022
5028
5029
5032
5035
5036
5042
5043
5049
5050
5053
5056
5057
5063
5064
5066
5070
5071
5077
5078
5084
5085
5091
5092
5098
5099
5105
5106
5112
5113
5119
5120
5126
5127
5133
5134
5140
5141
5147
5148
5154
5155
5161
5162
5168
5169
5175
5176
5177
5178
5182
5183
5189
5190
5196
5197
5203
5204
5210
5211
5217
5218
5223
5224
5225
5231
5232
5234
5238
5239
5245
5246
5252
5253
5259
5260
5266
5267
5273
5274
5280
5281
5285
5287
5288
5294
5295
5301
5302
5308
5309
5315
5316
5322
5323
5329
5330
5336
5337
5343
5344
5350
5351
5357
5358
5363
5364
5365
5371
5372
5378
5379
5385
5386
5392
5393
5398
5399
5400
5406
5407
5413
5414
5419
5420
5421
5427
5428
5432
5434
5435
5441
5442
5448
5449
5455
5456
5462
5463
5469
5470
5472
5476
5477
5479
5483
5484
5490
5491
5497
5498
5504
5505
5511
5512
5518
5519
5525
5526
5527
5528
5532
5533
5539
5540
5546
5547
5553
5554
5560
5561
5567
5568
5573
5574
5575
5581
5582
5588
5589
5595
5596
5599
5602
5603
5609
5610
5616
5617
5623
5624
5630
5631
5635
5637
5638
5644
5645
5651
5652
5658
5659
5665
5666
5672
5673
5679
5680
5686
5687
5693
5694
5700
5701
5707
5708
5714
5715
5721
5722
5728
5729
5735
5736
5742
5743
5749
5750
5756
5757
5763
5764
5770
5771
5777
5778
5784
5785
5791
5792
5797
5798
5799
5805
5806
5812
5813
5819
5820
5826
5827
5833
5834
5837
5840
5841
5844
5847
5848
5854
5855
5861
5862
5868
5869
5875
5876
5882
5883
5884
5885
5889
5890
5896
5897
5903
5904
5910
5911
5917
5918
5924
5925
5930
5931
5932
5938
5939
5945
5946
5952
5953
5954
5959
5960
5964
5966
5967
5973
5974
5980
5981
5987
5988
5992
5994
5995
6001
6002
6008
6009
6015
6016
6022
6023
6029
6030
6036
6037
6043
6044
6050
6051
6057
6058
6064
6065
6071
6072
6078
6079
6085
6086
6092
6093
6099
6100
6106
6107
6113
6114
6120
6121
6127
6128
6134
6135
6141
6142
6148
6149
6155
6156
6162
6163
6169
6170
6176
6177
6183
6184
6190
6191
6197
6198
6202
6204
6205
6209
6211
6212
6218
6219
6225
6226
6232
6233
6239
6240
6246
6247
6253
6254
6260
6261
6267
6268
6269
6270
6274
6275
6281
6282
6288
6289
6295
6296
6302
6303
6309
6310
6315
6316
6317
6319
6323
6324
6329
6330
6331
6337
6338
6344
6345
6351
6352
6358
6359
6365
6366
6372
6373
6377
6379
6380
6386
6387
6393
6394
6400
6401
6407
6408
6414
6415
6421
6422
6428
6429
6435
6436
6442
6443
6449
6450
6456
6457
6458
6463
6464
6470
6471
6477
6478
6484
6485
6491
6492
6493
6498
6499
6505
6506
6512
6513
6514
6519
6520
6526
6527
6533
6534
6540
6541
6547
6548
6554
6555
6561
6562
6567
6568
6569
6574
6575
6576
6582
6583
6589
6590
6596
6597
6603
6604
6610
6611
6617
6618
6619
6620
6624
6625
6631
6632
6638
6639
6645
6646
6652
6653
6659
6660
6665
6666
6667
6673
6674
6680
6681
6685
6687
6688
6694
6695
6701
6702
6708
6709
6715
6716
6722
6723
6727
6729
6730
6736
6737
6743
6744
6750
6751
6757
6758
6764
6765
6771
6772
6778
6779
6785
6786
6792
6793
6799
6800
6806
6807
6813
6814
6820
6821
6824
6827
6828
6834
6835
6841
6842
6848
6849
6855
6856
6859
6862
6863
6869
6870
6876
6877
6880
6883
6884
6890
6891
6893
6897
6898
6904
6905
6911
6912
6918
6919
6925
6926
6932
6933
6939
6940
6946
6947
6953
6954
6960
6961
6967
6968
6974
6975
6981
6982
6988
6989
6995
6996
7000
7001
7002
7003
7009
7010
7016
7017
7023
7024
7030
7031
7037
7038
7044
7045
7046
7050
7051
7052
7058
7059
7060
7065
7066
7072
7073
7079
7080
7084
7086
7087
7093
7094
7100
7101
7107
7108
7114
7115
7121
7122
7128
7129
7135
7136
7142
7143
7149
7150
7156
7157
7163
7164
7170
7171
7177
7178
7184
7185
7189
7191
7192
7198
7199
7205
7206
7212
7213
7219
7220
7224
7226
7227
7233
7234
7240
7241
7245
7247
7248
7254
7255
7258
7261
7262
7268
7269
7275
7276
7282
7283
7289
7290
7296
7297
7298
7303
7304
7305
7310
7311
7317
7318
7324
7325
7331
7332
7338
7339
7345
7346
7352
7353
7359
7360
7361
7362
7366
7367
7373
7374
7380
7381
7387
7388
7394
7395
7401
7402
7407
7408
7409
7415
7416
7422
7423
7425
7429
7430
7436
7437
7443
7444
7450
7451
7457
7458
7464
7465
7469
7471
7472
7478
7479
7485
7486
7492
7493
7499
7500
7506
7507
7513
7514
7520
7521
7527
7528
7534
7535
7541
7542
7548
7549
7554
7555
7556
7562
7563
7569
7570
7576
7577
7583
7584
7589
7590
7591
7597
7598
7604
7605
7610
7611
7612
7618
7619
7623
7625
7626
7632
7633
7639
7640
7646
7647
7653
7654
7660
7661
7663
7667
7668
7670
7674
7675
7681
7682
7688
7689
7695
7696
7702
7703
7709
7710
7711
7712
7716
7717
7723
7724
7730
7731
7737
7738
7744
7745
7751
7752
7757
7758
7759
7765
7766
7772
7773
7779
7780
7786
7787
7790
7793
7794
7800
7801
7807
7808
7814
7815
7819
7821
7822
7828
7829
7835
7836
7842
7843
7849
7850
7856
7857
7863
7864
7870
7871
7877
7878
7884
7885
7891
7892
7898
7899
7905
7906
7912
7913
7919
7920
7926
7927
7933
7934
7940
7941
7947
7948
7954
7955
7961
7962
7968
7969
7975
7976
7982
7983
7988
7989
7990
7996
7997
8003
8004
8010
8011
8017
8018
8024
8025
8028
8031
8032
8035
8038
8039
8045
8046
8052
8053
8059
8060
8066
8067
8073
8074
8080
8081
8087
8088
8094
8095
8096
8097
8101
8102
8108
8109
8115
8116
8122
8123
8129
8130
8136
8137
8142
8143
8144
8146
8150
8151
8156
8157
8158
8164
8165
8171
8172
8178
8179
8185
8186
8192
8193
8199
8200
8204
8206
8207
8213
8214
8220
8221
8227
8228
8234
8235
8241
8242
8248
8249
8255
8256
8262
8263
8269
8270
8276
8277
8283
8284
8285
8290
8291
8297
8298
8304
8305
8311
8312
8318
8319
8320
8325
8326
8332
8333
8339
8340
8341
8346
8347
8353
8354
8360
8361
8367
8368
8374
8375
8381
8382
8388
8389
8394
8395
8396
8401
8402
8403
8409
8410
8416
8417
8423
8424
8430
8431
8437
8438
8444
8445
8451
8452
8453
8454
8458
8459
8465
8466
8472
8473
8479
8480
8486
8487
8493
8494
8499
8500
8501
8507
8508
8511
8514
8515
8521
8522
8528
8529
8535
8536
8542
8543
8549
8550
8556
8557
8561
8563
8564
8570
8571
8577
8578
8584
8585
8591
8592
8598
8599
8605
8606
8612
8613
8619
8620
8626
8627
8633
8634
8640
8641
8647
8648
8650
8654
8655
8661
8662
8668
8669
8675
8676
8682
8683
8685
8689
8690
8696
8697
8703
8704
8706
8710
8711
8717
8718
8719
8724
8725
8731
8732
8738
8739
8745
8746
8752
8753
8759
8760
8766
8767
8773
8774
8780
8781
8787
8788
8794
8795
8801
8802
8808
8809
8810
8811
8815
8816
8822
8823
8829
8830
8836
8837
8843
8844
8850
8851
8856
8857
8858
8864
8865
8871
8872
8876
8878
8879
8885
8886
8892
8893
8899
8900
8906
8907
8913
8914
8918
8920
8921
8927
8928
8934
8935
8941
8942
8948
8949
8955
8956
8962
8963
8969
8970
8976
8977
8983
8984
8990
8991
8997
8998
9004
9005
9011
9012
9015
9018
9019
9025
9026
9032
9033
9039
9040
9046
9047
9050
9053
9054
9060
9061
9067
9068
9071
9074
9075
9081
9082
9084
9088
9089
9095
9096
9102
9103
9109
9110
9116
9117
9123
9124
9130
9131
9137
9138
9144
9145
9151
9152
9158
9159
9165
9166
9172
9173
9179
9180
9186
9187
9188
9189
9193
9194
9200
9201
9207
9208
9214
9215
9221
9222
9228
9229
9234
9235
9236
9241
9242
9243
9249
9250
9251
9256
9257
9263
9264
9270
9271
9277
9278
9284
9285
9291
9292
9296
9298
9299
9305
9306
9312
9313
9319
9320
9326
9327
9333
9334
9340
9341
9347
9348
9354
9355
9361
9362
9368
9369
9375
9376
9380
9382
9383
9389
9390
9396
9397
9403
9404
9410
9411
9415
9417
9418
9424
9425
9431
9432
9436
9438
9439
9445
9446
9449
9452
9453
9459
9460
9466
9467
9473
9474
9480
9481
9487
9488
9489
9494
9495
9496
9501
9502
9508
9509
9515
9516
9522
9523
9529
9530
9536
9537
9543
9544
9545
9546
9550
9551
9557
9558
9564
9565
9571
9572
9578
9579
9585
9586
9591
9592
9593
9599
9600
9606
9607
9613
9614
9617
9620
9621
9627
9628
9634
9635
9641
9642
9648
9649
9653
9655
9656
9662
9663
9669
9670
9676
9677
9683
9684
9690
9691
9697
9698
9704
9705
9711
9712
9718
9719
9725
9726
9732
9733
9739
9740
9746
9747
9753
9754
9760
9761
9767
9768
9774
9775
9781
9782
9788
9789
9795
9796
9802
9803
9809
9810
9815
9816
9817
9823
9824
9830
9831
9837
9838
9844
9845
9851
9852
9855
9858
9859
9862
9865
9866
9872
9873
9879
9880
9886
9887
9893
9894
9900
9901
9902
9903
9907
9908
9914
9915
9921
9922
9928
9929
9935
9936
9942
9943
9948
9949
9950
9956
9957
9963
9964
9970
9971
9972
9977
9978
9982
9984
9985
9991
9992
9998
9999
10005
10006
10010
10012
10013
10019
10020
10026
10027
10033
10034
10040
10041
10047
10048
10054
10055
10061
10062
10068
10069
10075
10076
10082
10083
10089
10090
10096
10097
10103
10104
10110
10111
10117
10118
10124
10125
10131
10132
10138
10139
10145
10146
10152
10153
10159
10160
10166
10167
10173
10174
10180
10181
10187
10188
10194
10195
10201
10202
10208
10209
10215
10216
10220
10222
10223
10227
10229
10230
10236
10237
10243
10244
10250
10251
10257
10258
10264
10265
10271
10272
10278
10279
10280
10281
10285
10286
10292
10293
10299
10300
10306
10307
10313
10314
10320
10321
10326
10327
10328
10334
10335
10337
10341
10342
10347
10348
10349
10355
10356
10362
10363
10369
10370
10376
10377
10383
10384
10388
10390
10391
10397
10398
10404
10405
10411
10412
10418
10419
10425
10426
10432
10433
10439
10440
10446
10447
10453
10454
10460
10461
10467
10468
10474
10475
10476
10481
10482
10488
10489
10495
10496
10502
10503
10509
10510
10511
10516
10517
10523
10524
10530
10531
10532
10537
10538
10544
10545
10551
10552
10558
10559
10565
10566
10572
10573
10579
10580
10585
10586
10587
10592
10593
10594
10600
10601
10607
10608
10614
10615
10621
10622
10628
10629
10635
10636
10637
10638
10642
10643
10649
10650
10656
10657
10663
10664
10670
10671
10677
10678
10683
10684
10685
10691
10692
10698
10699
10702
10705
10706
10712
10713
10719
10720
10726
10727
10733
10734
10740
10741
10745
10747
10748
10754
10755
10761
10762
10768
10769
10775
10776
10782
10783
10789
10790
10796
10797
10803
10804
10810
10811
10817
10818
10824
10825
10831
10832
10838
10839
10841
10845
10846
10852
10853
10859
10860
10866
10867
10873
10874
10876
10880
10881
10887
10888
10894
10895
10897
10901
10902
10908
10909
10910
10915
10916
10922
10923
10929
10930
10936
10937
10943
10944
10950
10951
10957
10958
10964
10965
10971
10972
10978
10979
10985
10986
10992
10993
10999
11000
11006
11007
11013
11014
11020
11021
11022
11023
11027
11028
11034
11035
11041
11042
11048
11049
11055
11056
11062
11063
11068
11068
11069
11070
11076
11077
11078
11083
11084
11090
11091
11097
11098
11104
11105
11111
11112
11118
11119
11125
11126
11130
11132
11133
11139
11140
11146
11147
11153
11154
11160
11161
11167
11168
11174
11175
11181
11182
11188
11189
11195
11196
11202
11203
11207
11209
11210
11216
11217
11223
11224
11230
11231
11237
11238
11242
11244
11245
11251
11252
11258
11259
11263
11265
11266
11272
11273
11276
11279
11280
11286
11287
11293
11294
11300
11301
11307
11308
11314
11315
11316
11321
11322
11323
11328
11329
11335
11336
11342
11343
11349
11350
11356
11357
11363
11364
11370
11371
11377
11378
11379
11380
11384
11385
11391
11392
11398
11399
11405
11406
11412
11413
11419
11420
11425
11426
11427
11433
11434
11440
11441
11443
11447
11448
11454
11455
11461
11462
11468
11469
11475
11476
11482
11483
11487
11489
11490
11496
11497
11503
11504
11510
11511
11517
11518
11524
11525
11531
11532
11538
11539
11545
11546
11552
11553
11559
11560
11566
11567
11572
11573
11574
11580
11581
11587
11588
11594
11595
11601
11602
11607
11608
11609
11615
11616
11622
11623
11628
11629
11630
11636
11637
11641
11643
11644
11650
11651
11657
11658
11664
11665
11671
11672
11678
11679
11681
11685
11686
11688
11692
11693
11699
11700
11706
11707
11713
11714
11720
11721
11727
11728
11729
11730
11734
11735
11741
11742
11748
11749
11755
11756
11762
11763
11769
11770
11775
11776
11777
11783
11784
11790
11791
11797
11798
11804
11805
11808
11811
11812
11818
11819
11825
11826
11832
11833
11837
11839
11840
11846
11847
11853
11854
11860
11861
11867
11868
11874
11875
11881
11882
11888
11889
11895
11896
11902
11903
11909
11910
11916
11917
11923
11924
11930
11931
11937
11938
11944
11945
11951
11952
11958
11959
11965
11966
11972
11973
11979
11980
11986
11987
11993
11994
12000
12001
12006
12007
12008
12014
12015
12021
12022
12028
12029
12035
12036
12042
12043
12046
12049
12050
12053
12056
12057
12063
12064
12070
12071
12077
12078
12084
12085
12091
12092
12098
12099
12105
12106
12112
12113
12114
12115
12119
12120
12126
12127
12133
12134
12140
12141
12147
12148
12154
12155
12160
12161
12162
12163
12168
12169
12173
12175
12176
12182
12183
12189
12190
12196
12197
12203
12204
12210
12211
12217
12218
12222
12224
12225
12231
12232
12238
12239
12245
12246
12252
12253
12259
12260
12266
12267
12273
12274
12280
12281
12287
12288
12294
12295
12301
12302
12308
12309
12315
12316
12322
12323
12329
12330
12336
12337
12343
12344
12350
12351
12357
12358
12364
12365
12371
12372
12378
12379
12385
12386
12392
12393
12399
12400
12406
12407
12411
12413
12414
12418
12420
12421
12427
12428
12434
12435
12441
12442
12448
12449
12455
12456
12462
12463
12469
12470
12471
12472
12476
12477
12483
12484
12490
12491
12497
12498
12504
12505
12511
12512
12517
12518
12519
12525
12526
12529
12532
12533
12539
12540
12546
12547
12553
12554
12560
12561
12567
12568
12574
12575
12579
12581
12582
12588
12589
12595
12596
12602
12603
12609
12610
12616
12617
12623
12624
12630
12631
12637
12638
12644
12645
12651
12652
12658
12659
12665
12666
12668
12672
12673
12679
12680
12686
12687
12693
12694
12700
12701
12703
12707
12708
12714
12715
12721
12722
12724
12728
12729
12735
12736
12737
12742
12743
12749
12750
12756
12757
12763
12764
12770
12771
12777
12778
12784
12785
12791
12792
12798
12799
12805
12806
12812
12813
12819
12820
12821
12822
12826
12827
12833
12834
12840
12841
12847
12848
12854
12855
12861
12862
12867
12868
12869
12875
12876
12882
12883
12889
12890
12894
12896
12897
12903
12904
12910
12911
12917
12918
12924
12925
12929
12931
12932
12938
12939
12945
12946
12952
12953
12959
12960
12966
12967
12973
12974
12980
12981
12987
12988
12994
12995
13001
13002
13008
13009
13015
13016
13022
13023
13029
13030
13033
13036
13037
13043
13044
13050
13051
13057
13058
13064
13065
13068
13071
13072
13078
13079
13085
13086
13089
13092
13093
13099
13100
13102
13106
13107
13113
13114
13120
13121
13127
13128
13134
13135
13141
13142
13148
13149
13155
13156
13162
13163
13169
13170
13176
13177
13183
13184
13190
13191
13197
13198
13204
13205
13206
13207
13211
13212
13218
13219
13225
13226
13232
13233
13239
13240
13246
13247
13252
13253
13254
13259
13260
13261
13267
13268
13269
13274
13275
13281
13282
13288
13289
13295
13296
13302
13303
13309
13310
13314
13316
13317
13323
13324
13330
13331
13337
13338
13344
13345
13351
13352
13358
13359
13365
13366
13372
13373
13379
13380
13386
13387
13393
13394
13398
13400
13401
13407
13408
13414
13415
13421
13422
13428
13429
13433
13435
13436
13442
13443
13449
13450
13454
13456
13457
13463
13464
13467
13470
13471
13477
13478
13484
13485
13491
13492
13498
13499
13505
13506
13507
13512
13513
13514
13519
13520
13526
13527
13533
13534
13540
13541
13547
13548
13554
13555
13561
13562
13563
13564
13568
13569
13575
13576
13582
13583
13589
13590
13596
13597
13603
13604
13609
13610
13611
13617
13618
13624
13625
13631
13632
13634
13638
13639
13645
13646
13652
13653
13659
13660
13666
13667
13671
13673
13674
13680
13681
13687
13688
13694
13695
13701
13702
13708
13709
13715
13716
13722
13723
13729
13730
13736
13737
13743
13744
13750
13751
13757
13758
13763
13764
13765
13771
13772
13778
13779
13785
13786
13792
13793
13798
13799
13800
13806
13807
13813
13814
13819
13820
13821
13827
13828
13832
13834
13835
13841
13842
13848
13849
13855
13856
13862
13863
13869
13870
13872
13876
13877
13879
13883
13884
13890
13891
13897
13898
13904
13905
13911
13912
13913
13914
13918
13919
13925
13926
13932
13933
13939
13940
13946
13947
13953
13954
13959
13960
13961
13967
13968
13974
13975
13981
13982
13988
13989
13990
13995
13996
14000
14002
14003
14009
14010
14016
14017
14021
14023
14024
14030
14031
14037
14038
14044
14045
14051
14052
14058
14059
14065
14066
14072
14073
14079
14080
14086
14087
14093
14094
14100
14101
14107
14108
14114
14115
14121
14122
14128
14129
14135
14136
14142
14143
14149
14150
14156
14157
14163
14164
14170
14171
14177
14178
14184
14185
14191
14192
14198
14199
14205
14206
14212
14213
14219
14220
14226
14227
14233
14234
14238
14240
14241
14245
14247
14248
14254
14255
14261
14262
14268
14269
14275
14276
14282
14283
14289
14290
14296
14297
14298
14299
14303
14304
14310
14311
14317
14318
14324
14325
14331
14332
14338
14339
14344
14345
14346
14352
14353
14355
14359
14360
14365
14366
14367
14373
14374
14380
14381
14387
14388
14394
14395
14401
14402
14406
14408
14409
14415
14416
14422
14423
14429
14430
14436
14437
14443
14444
14450
14451
14457
14458
14464
14465
14471
14472
14478
14479
14485
14486
14492
14493
14494
14499
14500
14506
14507
14513
14514
14520
14521
14527
14528
14529
14534
14535
14541
14542
14548
14549
14550
14555
14556
14562
14563
14569
14570
14576
14577
14583
14584
14590
14591
14597
14598
14603
14604
14605
14610
14611
14612
14618
14619
14625
14626
14632
14633
14639
14640
14646
14647
14653
14654
14655
14656
14660
14661
14667
14668
14674
14675
14681
14682
14688
14689
14695
14696
14701
14702
14703
14709
14710
14716
14717
14720
14723
14724
14730
14731
14737
14738
14744
14745
14751
14752
14758
14759
14763
14765
14766
14772
14773
14779
14780
14786
14787
14793
14794
14800
14801
14807
14808
14814
14815
14821
14822
14828
14829
14835
14836
14842
14843
14849
14850
14856
14857
14859
14863
14864
14870
14871
14877
14878
14884
14885
14891
14892
14894
14898
14899
14905
14906
14912
14913
14915
14919
14920
14926
14927
14928
14933
14934
14940
14941
14947
14948
14954
14955
14961
14962
14968
14969
14975
14976
14982
14983
14989
14990
14996
14997
15003
15004
15010
15011
15017
15018
15024
15025
15031
15032
15038
15039
15040
15041
15045
15046
15052
15053
15059
15060
15066
15067
15073
15074
15080
15081
15085
15086
15087
15088
15094
15095
15101
15102
15108
15109
15115
15116
15122
15123
15129
15130
15136
15137
15143
15144
15148
15150
15151
15157
15158
15164
15165
15171
15172
15178
15179
15185
15186
15192
15193
15199
15200
15206
15207
15213
15214
15220
15221
15224
15227
15228
15234
15235
15241
15242
15248
15249
15255
15256
15259
15262
15263
15269
15270
15276
15277
15280
15283
15284
15290
15291
15293
15297
15298
15304
15305
15311
15312
15318
15319
15325
15326
15332
15333
15339
15340
15346
15347
15353
15354
15360
15361
15367
15368
15374
15375
15381
15382
15388
15389
15390
15391
15395
15396
15402
15403
15409
15410
15416
15417
15423
15424
15430
15431
15436
15437
15438
15444
15445
15451
15452
15458
15459
15461
15465
15466
15472
15473
15479
15480
15486
15487
15493
15494
15498
15500
15501
15507
15508
15514
15515
15521
15522
15528
15529
15535
15536
15542
15543
15549
15550
15556
15557
15563
15564
15570
15571
15577
15578
15584
15585
15590
15591
15592
15598
15599
15605
15606
15612
15613
15619
15620
15625
15626
15627
15633
15634
15640
15641
15646
15647
15648
15654
15655
15659
15661
15662
15668
15669
15675
15676
15682
15683
15689
15690
15696
15697
15699
15703
15704
15706
15710
15711
15717
15718
15724
15725
15731
15732
15738
15739
15745
15746
15747
15748
15752
15753
15759
15760
15766
15767
15773
15774
15780
15781
15787
15788
15793
15794
15795
15801
15802
15808
15809
15815
15816
15822
15823
15826
15829
15830
15836
15837
15843
15844
15850
15851
15855
15857
15858
15864
15865
15871
15872
15878
15879
15885
15886
15892
15893
15899
15900
15906
15907
15913
15914
15920
15921
15927
15928
15934
15935
15941
15942
15948
15949
15955
15956
15962
15963
15969
15970
15976
15977
15983
15984
15990
15991
15997
15998
16004
16005
16011
16012
16018
16019
16024
16025
16026
16032
16033
16039
16040
16046
16047
16053
16054
16060
16061
16064
16067
16068
16071
16074
16075
16081
16082
16088
16089
16095
16096
16102
16103
16109
16110
16116
16117
16123
16124
16130
16131
16132
16133
16137
16138
16144
16145
16151
16152
16158
16159
16165
16166
16172
16173
16178
16179
16180
16181
16186
16187
16191
16193
16194
16200
16201
16207
16208
16214
16215
16221
16222
16228
16229
16235
16236
16240
16242
16243
16249
16250
16256
16257
16263
16264
16270
16271
16277
16278
16284
16285
16291
16292
16298
16299
16305
16306
16312
16313
16319
16320
16326
16327
16333
16334
16340
16341
16347
16348
16354
16355
16361
16362
16368
16369
16375
16376
16382
16383
16389
16390
16396
16397
16403
16404
16410
16411
16417
16418
16424
16425
16429
16431
16432
16436
16438
16439
16445
16446
16452
16453
16459
16460
16466
16467
16473
16474
16480
16481
16482
16483
16487
16488
16494
16495
16501
16502
16508
16509
16515
16516
16522
16523
16528
16529
16530
16536
16537
16543
16544
16546
16550
16551
16556
16557
16558
16564
16565
16571
16572
16578
16579
16585
16586
16590
16592
16593
16599
16600
16606
16607
16613
16614
16620
16621
16627
16628
16634
16635
16641
16642
16648
16649
16655
16656
16662
16663
16669
16670
16676
16677
16683
16684
16685
16690
16691
16697
16698
16704
16705
16711
16712
16718
16719
16720
16725
16726
16732
16733
16739
16740
16741
16746
16747
16753
16754
16760
16761
16767
16768
16774
16775
16781
16782
16788
16789
16794
16795
16796
16801
16802
16803
16809
16810
16816
16817
16823
16824
16830
16831
16837
16838
16839
16840
16844
16845
16851
16852
16858
16859
16865
16866
16872
16873
16879
16880
16885
16886
16887
16893
16894
16900
16901
16907
16908
16912
16914
16915
16921
16922
16928
16929
16935
16936
16942
16943
16947
16949
16950
16956
16957
16963
16964
16970
16971
16977
16978
16984
16985
16991
16992
16998
16999
17005
17006
17012
17013
17019
17020
17026
17027
17033
17034
17040
17041
17047
17048
17051
17054
17055
17061
17062
17068
17069
17075
17076
17082
17083
17086
17089
17090
17096
17097
17103
17104
17107
17110
17111
17117
17118
17120
17124
17125
17131
17132
17138
17139
17145
17146
17152
17153
17159
17160
17166
17167
17173
17174
17180
17181
17187
17188
17194
17195
17201
17202
17208
17209
17215
17216
17222
17223
17224
17225
17229
17230
17236
17237
17243
17244
17250
17251
17257
17258
17264
17265
17270
17271
17272
17277
17278
17279
17285
17286
17287
17292
17293
17299
17300
17306
17307
17313
17314
17320
17321
17327
17328
17332
17334
17335
17341
17342
17348
17349
17355
17356
17362
17363
17369
17370
17376
17377
17383
17384
17390
17391
17397
17398
17404
17405
17411
17412
17416
17418
17419
17425
17426
17432
17433
17439
17440
17446
17447
17451
17453
17454
17460
17461
17467
17468
17472
17474
17475
17481
17482
17485
17488
17489
17495
17496
17502
17503
17509
17510
17516
17517
17523
17524
17525
17530
17531
17532
17537
17538
17544
17545
17551
17552
17558
17559
17565
17566
17572
17573
17574
17575
17579
17580
17586
17587
17593
17594
17600
17601
17607
17608
17614
17615
17620
17621
17622
17628
17629
17635
17636
17642
17643
17649
17650
17652
17656
17657
17663
17664
17670
17671
17677
17678
17682
17684
17685
17691
17692
17698
17699
17705
17706
17712
17713
17719
17720
17726
17727
17733
17734
17740
17741
17747
17748
17754
17755
17761
17762
17768
17769
17775
17776
17781
17782
17783
17789
17790
17796
17797
17803
17804
17810
17811
17816
17817
17818
17824
17825
17831
17832
17837
17838
17839
17845
17846
17850
17852
17853
17859
17860
17866
17867
17873
17874
17880
17881
17887
17888
17890
17894
17895
17897
17901
17902
17908
17909
17915
17916
17922
17923
17929
17930
17936
17937
17943
17944
17950
17951
17957
17958
17959
17960
17964
17965
17971
17972
17978
17979
17985
17986
17992
17993
17999
18000
18005
18006
18007
18013
18014
18017
18020
18021
18027
18028
18034
18035
18041
18042
18048
18049
18055
18056
18062
18063
18067
18069
18070
18076
18077
18083
18084
18090
18091
18097
18098
18104
18105
18111
18112
18118
18119
18125
18126
18132
18133
18139
18140
18146
18147
18153
18154
18160
18161
18167
18168
18174
18175
18181
18182
18188
18189
18195
18196
18202
18203
18209
18210
18215
18216
18217
18223
18224
18230
18231
18237
18238
18244
18245
18251
18252
18255
18258
18259
18262
18265
18266
18272
18273
18279
18280
18286
18287
18293
18294
18300
18301
18307
18308
18314
18315
18316
18317
18321
18322
18328
18329
18335
18336
18342
18343
18349
18350
18356
18357
18362
18363
18364
18370
18371
18373
18377
18378
18383
18384
18385
18391
18392
18398
18399
18405
18406
18412
18413
18419
18420
18424
18426
18427
18433
18434
18440
18441
18447
18448
18454
18455
18461
18462
18468
18469
18475
18476
18482
18483
18489
18490
18496
18497
18503
18504
18510
18511
18512
18517
18518
18524
18525
18531
18532
18538
18539
18545
18546
18547
18552
18553
18559
18560
18566
18567
18568
18573
18574
18580
18581
18587
18588
18594
18595
18601
18602
18608
18609
18615
18616
18621
18622
18623
18628
18629
18630
18636
18637
18643
18644
18650
18651
18657
18658
18664
18665
18671
18672
18673
18674
18678
18679
18685
18686
18692
18693
18699
18700
18706
18707
18713
18714
18719
18720
18721
18727
18728
18734
18735
18738
18741
18742
18748
18749
18755
18756
18762
18763
18769
18770
18776
18777
18781
18783
18784
18790
18791
18797
18798
18804
18805
18811
18812
18818
18819
18825
18826
18832
18833
18839
18840
18846
18847
18853
18854
18860
18861
18867
18868
18874
18875
18877
18881
18882
18888
18889
18895
18896
18902
18903
18909
18910
18912
18916
18917
18923
18924
18930
18931
18933
18937
18938
18944
18945
18946
18951
18952
18958
18959
18965
18966
18972
18973
18979
18980
18986
18987
18993
18994
19000
19001
19007
19008
19014
19015
19021
19022
19028
19029
19035
19036
19042
19043
19049
19050
19051
19052
19056
19057
19063
19064
19070
19071
19077
19078
19084
19085
19091
19092
19097
19098
19099
19103
19105
19106
19112
19113
19119
19120
19126
19127
19133
19134
19140
19141
19147
19148
19154
19155
19159
19161
19162
19168
19169
19175
19176
19182
19183
19189
19190
19196
19197
19203
19204
19210
19211
19217
19218
19224
19225
19231
19232
19238
19239
19242
19245
19246
19252
19253
19259
19260
19266
19267
19273
19274
19277
19280
19281
19287
19288
19294
19295
19298
19301
19302
19308
19309
19311
19315
19316
19322
19323
19329
19330
19336
19337
19343
19344
19350
19351
19357
19358
19364
19365
19371
19372
19378
19379
19385
19386
19392
19393
19399
19400
19406
19407
19408
19409
19413
19414
19420
19421
19427
19428
19434
19435
19441
19442
19448
19449
19454
19455
19456
19462
19463
19468
19469
19470
19476
19477
19478
19483
19484
19490
19491
19497
19498
19504
19505
19511
19512
19516
19518
19519
19525
19526
19532
19533
19539
19540
19546
19547
19553
19554
19560
19561
19567
19568
19574
19575
19581
19582
19588
19589
19595
19596
19602
19603
19607
19609
19610
19616
19617
19623
19624
19630
19631
19637
19638
19642
19644
19645
19651
19652
19658
19659
19663
19665
19666
19672
19673
19676
19679
19680
19686
19687
19693
19694
19700
19701
19707
19708
19714
19715
19716
19721
19722
19723
19728
19729
19735
19736
19742
19743
19749
19750
19756
19757
19763
19764
19765
19766
19770
19771
19777
19778
19784
19785
19791
19792
19798
19799
19805
19806
19811
19812
19813
19819
19820
19826
19827
19833
19834
19840
19841
19844
19847
19848
19854
19855
19861
19862
19868
19869
19873
19875
19876
19882
19883
19889
19890
19896
19897
19903
19904
19910
19911
19917
19918
19924
19925
19931
19932
19938
19939
19945
19946
19952
19953
19959
19960
19966
19967
19973
19974
19980
19981
19987
19988
19994
19995
20001
20002
20008
20009
20015
20016
20022
20023
20029
20030
20036
20037
20042
20043
20044
20050
20051
20057
20058
20064
20065
20071
20072
20078
20079
20082
20085
20086
20089
20092
20093
20099
20100
20106
20107
20113
20114
20120
20121
20127
20128
20134
20135
20141
20142
20148
20149
20150
20151
20155
20156
20162
20163
20169
20170
20176
20177
20183
20184
20190
20191
20196
20197
20198
20199
20204
20205
20209
20211
20212
20218
20219
20225
20226
20232
20233
20239
20240
20246
20247
20253
20254
20258
20260
20261
20267
20268
20274
20275
20281
20282
20288
20289
20295
20296
20302
20303
20309
20310
20316
20317
20323
20324
20330
20331
20337
20338
20344
20345
20351
20352
20358
20359
20365
20366
20372
20373
20379
20380
20386
20387
20393
20394
20400
20401
20407
20408
20414
20415
20421
20422
20428
20429
20435
20436
20442
20443
20447
20449
20450
20454
20456
20457
20463
20464
20470
20471
20477
20478
20484
20485
20491
20492
20498
20499
20500
20501
20505
20506
20512
20513
20519
20520
20526
20527
20533
20534
20540
20541
20546
20547
20548
20554
20555
20561
20562
20564
20568
20569
20574
20575
20576
20582
20583
20589
20590
20596
20597
20603
20604
20608
20610
20611
20617
20618
20624
20625
20631
20632
20638
20639
20645
20646
20652
20653
20659
20660
20666
20667
20673
20674
20680
20681
20687
20688
20694
20695
20701
20702
20703
20708
20709
20715
20716
20722
20723
20729
20730
20736
20737
20738
20743
20744
20750
20751
20757
20758
20759
20764
20765
20771
20772
20778
20779
20785
20786
20792
20793
20799
20800
20806
20807
20812
20813
20814
20819
20820
20821
20827
20828
20834
20835
20841
20842
20848
20849
20855
20856
20857
20858
20862
20863
20869
20870
20876
20877
20883
20884
20890
20891
20897
20898
20903
20904
20905
20911
20912
20918
20919
20925
20926
20929
20932
20933
20939
20940
20946
20947
20953
20954
20960
20961
20965
20967
20968
20974
20975
20981
20982
20988
20989
20995
20996
21002
21003
21009
21010
21016
21017
21023
21024
21030
21031
21037
21038
21044
21045
21051
21052
21058
21059
21065
21066
21068
21072
21073
21079
21080
21086
21087
21093
21094
21100
21101
21103
21107
21108
21114
21115
21121
21122
21124
21128
21129
21135
21136
21137
21142
21143
21149
21150
21156
21157
21163
21164
21170
21171
21177
21178
21184
21185
21191
21192
21198
21199
21205
21206
21212
21213
21219
21220
21226
21227
21233
21234
21240
21241
21242
21243
21247
21248
21254
21255
21261
21262
21268
21269
21275
21276
21282
21283
21288
21289
21290
21295
21296
21297
21303
21304
21305
21310
21311
21317
21318
21324
21325
21331
21332
21338
21339
21345
21346
21350
21352
21353
21359
21360
21366
21367
21373
21374
21380
21381
21387
21388
21394
21395
21401
21402
21408
21409
21415
21416
21422
21423
21429
21430
21434
21436
21437
21443
21444
21450
21451
21457
21458
21464
21465
21469
21471
21472
21478
21479
21485
21486
21490
21492
21493
21499
21500
21503
21506
21507
21513
21514
21520
21521
21527
21528
21534
21535
21541
21542
21543
21548
21549
21550
21555
21556
21562
21563
21569
21570
21576
21577
21583
21584
21590
21591
21592
21593
21597
21598
21604
21605
21611
21612
21618
21619
21625
21626
21632
21633
21638
21639
21640
21646
21647
21653
21654
21660
21661
21667
21668
21670
21674
21675
21681
21682
21688
21689
21695
21696
21700
21702
21703
21709
21710
21716
21717
21723
21724
21730
21731
21737
21738
21744
21745
21751
21752
21758
21759
21765
21766
21772
21773
21779
21780
21786
21787
21793
21794
21799
21800
21801
21807
21808
21814
21815
21821
21822
21828
21829
21834
21835
21836
21842
21843
21849
21850
21855
21856
21857
21863
21864
21868
21870
21871
21877
21878
21884
21885
21891
21892
21898
21899
21905
21906
21908
21912
21913
21915
21919
21920
21926
21927
21933
21934
21940
21941
21947
21948
21954
21955
21961
21962
21968
21969
21975
21976
21977
21978
21982
21983
21989
21990
21996
21997
22003
22004
22010
22011
22017
22018
22023
22024
22025
22031
22032
22035
22038
22039
22045
22046
22052
22053
22059
22060
22066
22067
22073
22074
22080
22081
22085
22087
22088
22094
22095
22101
22102
22108
22109
22115
22116
22122
22123
22129
22130
22136
22137
22143
22144
22150
22151
22157
22158
22164
22165
22171
22172
22178
22179
22185
22186
22192
22193
22199
22200
22206
22207
22213
22214
22220
22221
22227
22228
22233
22234
22235
22241
22242
22248
22249
22255
22256
22262
22263
22269
22270
22273
22276
22277
22280
22283
22284
22290
22291
22297
22298
22304
22305
22311
22312
22318
22319
22325
22326
22332
22333
22334
22335
22339
22340
22346
22347
22353
22354
22360
22361
22367
22368
22374
22375
22380
22381
22382
22388
22389
22390
22395
22396
22400
22402
22403
22409
22410
22416
22417
22423
22424
22430
22431
22437
22438
22442
22444
22445
22451
22452
22458
22459
22465
22466
22472
22473
22479
22480
22486
22487
22493
22494
22500
22501
22507
22508
22514
22515
22521
22522
22528
22529
22535
22536
22542
22543
22549
22550
22556
22557
22563
22564
22570
22571
22577
22578
22584
22585
22591
22592
22598
22599
22605
22606
22612
22613
22619
22620
22626
22627
22633
22634
22638
22640
22641
22645
22647
22648
22654
22655
22661
22662
22668
22669
22675
22676
22682
22683
22684
22685
22689
22690
22696
22697
22703
22704
22710
22711
22717
22718
22724
22725
22730
22731
22732
22738
22739
22745
22746
22752
22753
22756
22759
22760
22766
22767
22773
22774
22780
22781
22787
22788
22792
22794
22795
22801
22802
22808
22809
22815
22816
22822
22823
22829
22830
22836
22837
22843
22844
22850
22851
22857
22858
22864
22865
22871
22872
22878
22879
22885
22886
22892
22893
22895
22899
22900
22906
22907
22913
22914
22920
22921
22927
22928
22930
22934
22935
22941
22942
22948
22949
22951
22955
22956
22962
22963
22964
22969
22970
22976
22977
22983
22984
22990
22991
22997
22998
23004
23005
23011
23012
23018
23019
23025
23026
23032
23033
23039
23040
23046
23047
23053
23054
23060
23061
23067
23068
23069
23070
23074
23075
23081
23082
23088
23089
23095
23096
23102
23103
23109
23110
23115
23116
23117
23121
23123
23124
23130
23131
23137
23138
23144
23145
23151
23152
23158
23159
23165
23166
23172
23173
23177
23179
23180
23186
23187
23193
23194
23200
23201
23207
23208
23214
23215
23221
23222
23228
23229
23235
23236
23242
23243
23249
23250
23256
23257
23260
23263
23264
23270
23271
23277
23278
23284
23285
23291
23292
23295
23298
23299
23305
23306
23312
23313
23316
23319
23320
23326
23327
23329
23333
23334
23340
23341
23347
23348
23354
23355
23361
23362
23368
23369
23375
23376
23382
23383
23389
23390
23396
23397
23403
23404
23410
23411
23417
23418
23424
23425
23426
23427
23431
23432
23438
23439
23445
23446
23452
23453
23459
23460
23466
23467
23472
23473
23474
23480
23481
23486
23487
23488
23494
23495
23496
23501
23502
23508
23509
23515
23516
23522
23523
23529
23530
23534
23536
23537
23543
23544
23550
23551
23557
23558
23564
23565
23571
23572
23578
23579
23585
23586
23592
23593
23599
23600
23606
23607
23613
23614
23620
23621
23625
23627
23628
23634
23635
23641
23642
23648
23649
23655
23656
23660
23662
23663
23669
23670
23676
23677
23681
23683
23684
23690
23691
23694
23697
23698
23704
23705
23711
23712
23718
23719
23725
23726
23732
23733
23734
23739
23740
23741
23746
23747
23753
23754
23760
23761
23767
23768
23774
23775
23776
23777
23781
23782
23788
23789
23795
23796
23802
23803
23809
23810
23816
23817
23822
23823
23824
23830
23831
23837
23838
23844
23845
23851
23852
23858
23859
23861
23865
23866
23872
23873
23879
23880
23884
23886
23887
23893
23894
23900
23901
23907
23908
23914
23915
23921
23922
23928
23929
23935
23936
23942
23943
23949
23950
23956
23957
23963
23964
23970
23971
23977
23978
23984
23985
23990
23991
23992
23998
23999
24005
24006
24012
24013
24019
24020
24025
24026
24027
24033
24034
24040
24041
24046
24047
24048
24054
24055
24059
24061
24062
24068
24069
24075
24076
24082
24083
24089
24090
24096
24097
24099
24103
24104
24106
24110
24111
24117
24118
24124
24125
24131
24132
24138
24139
24145
24146
24152
24153
24159
24160
24161
24162
24166
24167
24173
24174
24180
24181
24187
24188
24194
24195
24201
24202
24207
24208
24209
24215
24216
24217
24222
24223
24227
24229
24230
24236
24237
24243
24244
24250
24251
24257
24258
24264
24265
24269
24271
24272
24278
24279
24285
24286
24292
24293
24299
24300
24306
24307
24313
24314
24320
24321
24327
24328
24334
24335
24341
24342
24348
24349
24355
24356
24362
24363
24369
24370
24376
24377
24383
24384
24390
24391
24397
24398
24404
24405
24411
24412
24418
24419
24425
24426
24432
24433
24439
24440
24446
24447
24453
24454
24460
24461
24465
24467
24468
24472
24474
24475
24481
24482
24488
24489
24495
24496
24502
24503
24509
24510
24516
24517
24518
24519
24523
24524
24530
24531
24537
24538
24544
24545
24551
24552
24558
24559
24564
24565
24566
24572
24573
24579
24580
24582
24586
24587
24592
24593
24594
24600
24601
24607
24608
24614
24615
24621
24622
24626
24628
24629
24635
24636
24642
24643
24649
24650
24656
24657
24663
24664
24670
24671
24677
24678
24684
24685
24691
24692
24698
24699
24705
24706
24712
24713
24719
24720
24721
24726
24727
24733
24734
24740
24741
24747
24748
24754
24755
24756
24761
24762
24768
24769
24775
24776
24777
24782
24783
24789
24790
24796
24797
24803
24804
24810
24811
24817
24818
24824
24825
24830
24831
24832
24837
24838
24839
24845
24846
24852
24853
24859
24860
24866
24867
24873
24874
24880
24881
24887
24888
24894
24895
24901
24902
24903
24904
24908
24909
24915
24916
24922
24923
24929
24930
24936
24937
24943
24944
24947
24949
24950
24951
24957
24958
24964
24965
24971
24972
24978
24979
24985
24986
24992
24993
24999
25000
25006
25007
25011
25013
25014
25020
25021
25027
25028
25034
25035
25041
25042
25048
25049
25055
25056
25062
25063
25069
25070
25076
25077
25083
25084
25086
25090
25091
25097
25098
25104
25105
25111
25112
25118
25119
25121
25125
25126
25132
25133
25139
25140
25142
25146
25147
25153
25154
25155
25160
25161
25167
25168
25174
25175
25181
25182
25188
25189
25195
25196
25202
25203
25209
25210
25216
25217
25223
25224
25230
25231
25237
25238
25244
25245
25251
25252
25253
25254
25258
25259
25265
25266
25272
25273
25279
25280
25286
25287
25293
25294
25299
25300
25301
25307
25308
25312
25314
25315
25321
25322
25328
25329
25335
25336
25342
25343
25349
25350
25356
25357
25361
25363
25364
25370
25371
25377
25378
25384
25385
25391
25392
25398
25399
25405
25406
25412
25413
25419
25420
25426
25427
25433
25434
25440
25441
25447
25448
25451
25454
25455
25461
25462
25468
25469
25475
25476
25482
25483
25486
25489
25490
25496
25497
25503
25504
25507
25510
25511
25517
25518
25520
25524
25525
25531
25532
25538
25539
25545
25546
25552
25553
25559
25560
25566
25567
25573
25574
25580
25581
25587
25588
25594
25595
25601
25602
25608
25609
25610
25611
25615
25616
25622
25623
25629
25630
25636
25637
25643
25644
25650
25651
25656
25657
25658
25664
25665
25671
25672
25678
25679
25685
25686
25688
25692
25693
25699
25700
25706
25707
25713
25714
25718
25720
25721
25727
25728
25734
25735
25741
25742
25748
25749
25755
25756
25762
25763
25769
25770
25776
25777
25783
25784
25790
25791
25797
25798
25804
25805
25811
25812
25817
25818
25819
25825
25826
25832
25833
25839
25840
25846
25847
25852
25853
25854
25860
25861
25867
25868
25873
25874
25875
25881
25882
25886
25888
25889
25895
25896
25902
25903
25909
25910
25916
25917
25923
25924
25926
25930
25931
25933
25937
25938
25944
25945
25951
25952
25958
25959
25965
25966
25972
25973
25979
25980
25986
25987
25993
25994
25995
25996
26000
26001
26007
26008
26014
26015
26021
26022
26028
26029
26035
26036
26041
26042
26043
26049
26050
26053
26056
26057
26063
26064
26070
26071
26077
26078
26084
26085
26091
26092
26098
26099
26103
26105
26106
26112
26113
26119
26120
26126
26127
26133
26134
26140
26141
26147
26148
26154
26155
26161
26162
26168
26169
26175
26176
26182
26183
26189
26190
26196
26197
26203
26204
26210
26211
26217
26218
26224
26225
26231
26232
26238
26239
26245
26246
26251
26252
26253
26259
26260
26266
26267
26273
26274
26280
26281
26287
26288
26291
26294
26295
26298
26301
26302
26308
26309
26315
26316
26322
26323
26329
26330
26336
26337
26343
26344
26345
26346
26350
26351
26357
26358
26364
26365
26371
26372
26378
26379
26385
26386
26391
26392
26393
26399
26400
26406
26407
26408
26413
26414
26418
26420
26421
26427
26428
26434
26435
26441
26442
26448
26449
26453
26455
26456
26462
26463
26469
26470
26476
26477
26483
26484
26490
26491
26497
26498
26504
26505
26511
26512
26518
26519
26525
26526
26532
26533
26539
26540
26546
26547
26553
26554
26560
26561
26567
26568
26574
26575
26581
26582
26588
26589
26595
26596
26602
26603
26609
26610
26616
26617
26623
26624
26630
26631
26637
26638
26644
26645
26651
26652
26656
26658
26659
26663
26665
26666
26672
26673
26679
26680
26686
26687
26693
26694
26700
26701
26702
26703
26707
26708
26714
26715
26721
26722
26728
26729
26735
26736
26742
26743
26748
26749
26750
26756
26757
26763
26764
26770
26771
26773
26777
26778
26783
26784
26785
26791
26792
26798
26799
26805
26806
26810
26812
26813
26819
26820
26826
26827
26833
26834
26840
26841
26847
26848
26854
26855
26861
26862
26868
26869
26875
26876
26882
26883
26889
26890
26896
26897
26903
26904
26910
26911
26912
26917
26918
26924
26925
26931
26932
26938
26939
26945
26946
26947
26952
26953
26959
26960
26966
26967
26968
26973
26974
26980
26981
26987
26988
26994
26995
27001
27002
27008
27009
27015
27016
27021
27022
27023
27028
27029
27030
27036
27037
27043
27044
27050
27051
27057
27058
27064
27065
27071
27072
27078
27079
27085
27086
27087
27088
27092
27093
27099
27100
27106
27107
27113
27114
27120
27121
27127
27128
27133
27134
27135
27139
27141
27142
27148
27149
27155
27156
27162
27163
27169
27170
27176
27177
27183
27184
27190
27191
27195
27197
27198
27204
27205
27211
27212
27218
27219
27225
27226
27232
27233
27239
27240
27246
27247
27253
27254
27260
27261
27267
27268
27274
27275
27278
27281
27282
27288
27289
27295
27296
27302
27303
27309
27310
27313
27316
27317
27323
27324
27330
27331
27334
27337
27338
27344
27345
27347
27351
27352
27358
27359
27365
27366
27372
27373
27379
27380
27386
27387
27393
27394
27400
27401
27407
27408
27414
27415
27421
27422
27428
27429
27435
27436
27442
27443
27444
27445
27449
27450
27456
27457
27463
27464
27470
27471
27477
27478
27484
27485
27490
27491
27492
27498
27499
27504
27505
27506
27512
27513
27514
27519
27520
27526
27527
27533
27534
27540
27541
27547
27548
27552
27554
27555
27561
27562
27568
27569
27575
27576
27582
27583
27589
27590
27596
27597
27603
27604
27610
27611
27617
27618
27624
27625
27631
27632
27638
27639
27643
27645
27646
27652
27653
27659
27660
27666
27667
27673
27674
27678
27680
27681
27687
27688
27694
27695
27699
27701
27702
27708
27709
27712
27715
27716
27722
27723
27729
27730
27736
27737
27743
27744
27750
27751
27752
27757
27758
27759
27764
27765
27771
27772
27778
27779
27785
27786
27792
27793
27799
27800
27806
27807
27813
27814
27818
27819
27820
27821
27827
27828
27834
27835
27841
27842
27848
27849
27855
27856
27862
27863
27864
27869
27870
27876
27877
27879
27883
27884
27890
27891
27897
27898
27902
27904
27905
27911
27912
27918
27919
27925
27926
27932
27933
27939
27940
27946
27947
27953
27954
27960
27961
27967
27968
27974
27975
27981
27982
27988
27989
27995
27996
28002
28003
28008
28009
28010
28016
28017
28023
28024
28030
28031
28037
28038
28043
28044
28045
28051
28052
28058
28059
28064
28065
28066
28072
28073
28077
28079
28080
28086
28087
28093
28094
28100
28101
28107
28108
28114
28115
28117
28121
28122
28124
28128
28129
28135
28136
28142
28143
28149
28150
28156
28157
28163
28164
28170
28171
28177
28178
28179
28180
28184
28185
28191
28192
28198
28199
28205
28206
28212
28213
28219
28220
28225
28226
28227
28233
28234
28240
28241
28244
28247
28248
28254
28255
28261
28262
28268
28269
28275
28276
28282
28283
28287
28289
28290
28296
28297
28303
28304
28310
28311
28317
28318
28324
28325
28331
28332
28338
28339
28345
28346
28352
28353
28359
28360
28366
28367
28373
28374
28380
28381
28387
28388
28394
28395
28401
28402
28408
28409
28415
28416
28422
28423
28429
28430
28436
28437
28442
28443
28444
28450
28451
28457
28458
28464
28465
28471
28472
28478
28479
28482
28485
28486
28489
28492
28493
28499
28500
28506
28507
28513
28514
28520
28521
28527
28528
28534
28535
28536
28537
28541
28542
28548
28549
28555
28556
28562
28563
28569
28570
28576
28577
28582
28583
28584
28590
28591
28597
28598
28600
28604
28605
28610
28611
28612
28618
28619
28625
28626
28632
28633
28639
28640
28644
28646
28647
28653
28654
28660
28661
28667
28668
28674
28675
28681
28682
28688
28689
28695
28696
28702
28703
28709
28710
28716
28717
28723
28724
28730
28731
28737
28738
28739
28744
28745
28751
28752
28758
28759
28765
28766
28772
28773
28774
28779
28780
28786
28787
28793
28794
28795
28800
28801
28807
28808
28814
28815
28821
28822
28828
28829
28835
28836
28842
28843
28848
28849
28850
28855
28856
28857
28863
28864
28870
28871
28877
28878
28884
28885
28891
28892
28898
28899
28905
28906
28912
28913
28914
28915
28919
28920
28926
28927
28933
28934
28940
28941
28947
28948
28954
28955
28960
28961
28962
28965
28968
28969
28975
28976
28982
28983
28989
28990
28996
28997
29003
29004
29010
29011
29017
29018
29022
29024
29025
29031
29032
29038
29039
29045
29046
29052
29053
29059
29060
29066
29067
29073
29074
29080
29081
29087
29088
29094
29095
29101
29102
29104
29108
29109
29115
29116
29122
29123
29129
29130
29136
29137
29139
29143
29144
29150
29151
29157
29158
29160
29164
29165
29171
29172
29173
29178
29179
29185
29186
29192
29193
29199
29200
29206
29207
29213
29214
29220
29221
29227
29228
29234
29235
29241
29242
29248
29249
29255
29256
29262
29263
29269
29270
29271
29272
29276
29277
29283
29284
29290
29291
29297
29298
29304
29305
29311
29312
29317
29318
29319
29325
29326
29330
29332
29333
29339
29340
29346
29347
29353
29354
29360
29361
29367
29368
29374
29375
29379
29381
29382
29388
29389
29395
29396
29402
29403
29409
29410
29416
29417
29423
29424
29430
29431
29437
29438
29444
29445
29451
29452
29458
29459
29465
29466
29469
29472
29473
29479
29480
29486
29487
29493
29494
29500
29501
29504
29507
29508
29514
29515
29521
29522
29525
29528
29529
29535
29536
29538
29542
29543
29549
29550
29556
29557
29563
29564
29570
29571
29577
29578
29584
29585
29591
29592
29598
29599
29605
29606
29612
29613
29619
29620
29626
29627
29628
29629
29633
29634
29640
29641
29647
29648
29654
29655
29661
29662
29668
29669
29674
29675
29676
29682
29683
29689
29690
29695
29696
29697
29703
29704
29705
29710
29711
29717
29718
29724
29725
29731
29732
29736
29738
29739
29745
29746
29752
29753
29759
29760
29766
29767
29773
29774
29780
29781
29787
29788
29794
29795
29801
29802
29808
29809
29815
29816
29822
29823
29829
29830
29834
29836
29837
29843
29844
29850
29851
29857
29858
29864
29865
29869
29871
29872
29878
29879
29885
29886
29890
29892
29893
29899
29900
29903
29906
29907
29913
29914
29920
29921
29927
29928
29934
29935
29941
29942
29943
29948
29949
29950
29955
29956
29962
29963
29969
29970
29976
29977
29983
29984
29990
29991
29997
29998
30004
30005
30011
30012
30013
30014
30018
30019
30025
30026
30032
30033
30039
30040
30046
30047
30053
30054
30059
30060
30061
30067
30068
30071
30074
30075
30081
30082
30088
30089
30095
30096
30102
30103
30109
30110
30116
30117
30121
30123
30124
30130
30131
30137
30138
30144
30145
30151
30152
30158
30159
30165
30166
30172
30173
30179
30180
30186
30187
30193
30194
30200
30201
30207
30208
30214
30215
30221
30222
30228
30229
30235
30236
30242
30243
30249
30250
30256
30257
30263
30264
30269
30270
30271
30277
30278
30284
30285
30291
30292
30298
30299
30305
30306
30309
30312
30313
30316
30319
30320
30326
30327
30333
30334
30340
30341
30347
30348
30354
30355
30361
30362
30363
30364
30368
30369
30375
30376
30382
30383
30389
30390
30396
30397
30403
30404
30409
30410
30411
30417
30418
30424
30425
30426
30431
30432
30436
30438
30439
30445
30446
30452
30453
30459
30460
30466
30467
30471
30473
30474
30480
30481
30487
30488
30494
30495
30501
30502
30508
30509
30515
30516
30522
30523
30529
30530
30536
30537
30543
30544
30550
30551
30557
30558
30564
30565
30571
30572
30578
30579
30585
30586
30592
30593
30599
30600
30606
30607
30613
30614
30620
30621
30627
30628
30634
30635
30641
30642
30648
30649
30655
30656
30662
30663
30669
30670
30674
30676
30677
30681
30683
30684
30690
30691
30697
30698
30704
30705
30711
30712
30718
30719
30720
30721
30725
30726
30732
30733
30739
30740
30746
30747
30753
30754
30760
30761
30766
30767
30768
30774
30775
30781
30782
30788
30789
30791
30795
30796
30801
30802
30803
30809
30810
30816
30817
30823
30824
30828
30830
30831
30837
30838
30844
30845
30851
30852
30858
30859
30865
30866
30872
30873
30879
30880
30886
30887
30893
30894
30900
30901
30907
30908
30914
30915
30921
30922
30928
30929
30930
30935
30936
30942
30943
30949
30950
30956
30957
30963
30964
30965
30970
30971
30977
30978
30984
30985
30986
30991
30992
30998
30999
31005
31006
31012
31013
31019
31020
31026
31027
31033
31034
31039
31040
31041
31046
31047
31048
31054
31055
31061
31062
31068
31069
31075
31076
31082
31083
31089
31090
31096
31097
31103
31104
31105
31106
31110
31111
31117
31118
31124
31125
31131
31132
31138
31139
31145
31146
31151
31152
31153
31156
31159
31160
31166
31167
31173
31174
31180
31181
31187
31188
31194
31195
31201
31202
31208
31209
31213
31215
31216
31222
31223
31229
31230
31236
31237
31243
31244
31250
31251
31257
31258
31264
31265
31271
31272
31278
31279
31285
31286
31292
31293
31295
31299
31300
31306
31307
31313
31314
31320
31321
31327
31328
31330
31334
31335
31341
31342
31348
31349
31351
31355
31356
31362
31363
31364
31369
31370
31376
31377
31383
31384
31390
31391
31397
31398
31404
31405
31411
31412
31418
31419
31425
31426
31432
31433
31439
31440
31446
31447
31453
31454
31455
31456
31460
31461
31467
31468
31474
31475
31481
31482
31488
31489
31495
31496
31501
31502
31503
31509
31510
31516
31517
31522
31523
31524
31530
31531
31532
31537
31538
31544
31545
31551
31552
31558
31559
31563
31565
31566
31572
31573
31579
31580
31586
31587
31593
31594
31600
31601
31607
31608
31614
31615
31621
31622
31628
31629
31635
31636
31642
31643
31649
31650
31656
31657
31661
31663
31664
31670
31671
31677
31678
31684
31685
31691
31692
31696
31698
31699
31705
31706
31712
31713
31717
31719
31720
31726
31727
31730
31733
31734
31740
31741
31747
31748
31754
31755
31761
31762
31768
31769
31770
31775
31776
31777
31782
31783
31789
31790
31796
31797
31803
31804
31810
31811
31817
31818
31824
31825
31831
31832
31838
31839
31840
31841
31845
31846
31852
31853
31859
31860
31866
31867
31873
31874
31880
31881
31886
31887
31888
31894
31895
31897
31901
31902
31908
31909
31915
31916
31922
31923
31929
31930
31936
31937
31943
31944
31948
31950
31951
31957
31958
31964
31965
31971
31972
31978
31979
31985
31986
31992
31993
31999
32000
32006
32007
32013
32014
32020
32021
32026
32027
32028
32034
32035
32041
32042
32048
32049
32055
32056
32061
32062
32063
32069
32070
32076
32077
32082
32083
32084
32090
32091
32095
32097
32098
32104
32105
32111
32112
32118
32119
32125
32126
32132
32133
32135
32139
32140
32142
32146
32147
32153
32154
32160
32161
32167
32168
32174
32175
32181
32182
32188
32189
32195
32196
32197
32198
32202
32203
32209
32210
32216
32217
32223
32224
32230
32231
32237
32238
32243
32244
32245
32251
32252
32258
32259
32262
32265
32266
32272
32273
32279
32280
32286
32287
32293
32294
32300
32301
32305
32307
32308
32314
32315
32321
32322
32328
32329
32335
32336
32342
32343
32349
32350
32356
32357
32363
32364
32370
32371
32377
32378
32384
32385
32391
32392
32398
32399
32405
32406
32412
32413
32419
32420
32426
32427
32433
32434
32440
32441
32447
32448
32454
32455
32460
32461
32462
32468
32469
32475
32476
32482
32483
32489
32490
32496
32497
32500
32503
32504
32507
32510
32511
32517
32518
32524
32525
32531
32532
32538
32539
32545
32546
32547
32548
32552
32553
32559
32560
32566
32567
32573
32574
32580
32581
32587
32588
32593
32594
32595
32601
32602
32608
32609
32615
32616
32617
32622
32623
32627
32629
32630
32636
32637
32643
32644
32650
32651
32655
32657
32658
32664
32665
32671
32672
32678
32679
32685
32686
32692
32693
32699
32700
32706
32707
32713
32714
32720
32721
32727
32728
32734
32735
32741
32742
32748
32749
32755
32756
32762
32763
32769
32770
32776
32777
32783
32784
32790
32791
32797
32798
32804
32805
32811
32812
32818
32819
32825
32826
32832
32833
32839
32840
32846
32847
32853
32854
32860
32861
32865
32867
32868
32872
32874
32875
32881
32882
32888
32889
32895
32896
32902
32903
32909
32910
32916
32917
32923
32924
32930
32931
32932
32933
32937
32938
32944
32945
32951
32952
32958
32959
32965
32966
32972
32973
32978
32979
32980
32983
32986
32987
32993
32994
33000
33001
33007
33008
33014
33015
33021
33022
33028
33029
33035
33036
33040
33042
33043
33049
33050
33056
33057
33063
33064
33070
33071
33077
33078
33084
33085
33091
33092
33098
33099
33105
33106
33112
33113
33119
33120
33122
33126
33127
33133
33134
33140
33141
33147
33148
33154
33155
33157
33161
33162
33168
33169
33175
33176
33178
33182
33183
33189
33190
33191
33196
33197
33203
33204
33210
33211
33217
33218
33224
33225
33231
33232
33238
33239
33245
33246
33252
33253
33259
33260
33266
33267
33273
33274
33280
33281
33287
33288
33289
33290
33294
33295
33301
33302
33308
33309
33315
33316
33322
33323
33329
33330
33335
33336
33337
33343
33344
33348
33350
33351
33357
33358
33364
33365
33371
33372
33378
33379
33385
33386
33392
33393
33397
33399
33400
33406
33407
33413
33414
33420
33421
33427
33428
33434
33435
33441
33442
33448
33449
33455
33456
33462
33463
33469
33470
33476
33477
33483
33484
33487
33490
33491
33497
33498
33504
33505
33511
33512
33518
33519
33522
33525
33526
33532
33533
33539
33540
33543
33546
33547
33553
33554
33556
33560
33561
33567
33568
33574
33575
33581
33582
33588
33589
33595
33596
33602
33603
33609
33610
33616
33617
33623
33624
33630
33631
33637
33638
33644
33645
33651
33652
33658
33659
33663
33664
33665
33666
33672
33673
33679
33680
33686
33687
33693
33694
33700
33701
33707
33708
33709
33713
33714
33715
33721
33722
33723
33728
33729
33735
33736
33742
33743
33747
33749
33750
33756
33757
33763
33764
33770
33771
33777
33778
33784
33785
33791
33792
33798
33799
33805
33806
33812
33813
33819
33820
33826
33827
33833
33834
33840
33841
33847
33848
33852
33854
33855
33861
33862
33868
33869
33875
33876
33882
33883
33887
33889
33890
33896
33897
33903
33904
33908
33910
33911
33917
33918
33921
33924
33925
33931
33932
33938
33939
33945
33946
33952
33953
33959
33960
33961
33966
33967
33968
33973
33974
33980
33981
33987
33988
33994
33995
34001
34002
34008
34009
34015
34016
34022
34023
34024
34025
34029
34030
34036
34037
34043
34044
34050
34051
34057
34058
34064
34065
34070
34071
34072
34078
34079
34085
34086
34088
34092
34093
34099
34100
34106
34107
34113
34114
34120
34121
34127
34128
34132
34134
34135
34141
34142
34148
34149
34155
34156
34162
34163
34169
34170
34176
34177
34183
34184
34190
34191
34197
34198
34204
34205
34211
34212
34217
34218
34219
34225
34226
34232
34233
34239
34240
34246
34247
34252
34253
34254
34260
34261
34267
34268
34273
34274
34275
34281
34282
34286
34288
34289
34295
34296
34302
34303
34309
34310
34316
34317
34323
34324
34326
34330
34331
34333
34337
34338
34344
34345
34351
34352
34358
34359
34365
34366
34372
34373
34379
34380
34381
34382
34386
34387
34393
34394
34400
34401
34407
34408
34414
34415
34421
34422
34427
34428
34429
34435
34436
34442
34443
34444
34449
34450
34454
34456
34457
34463
34464
34470
34471
34477
34478
34484
34485
34489
34491
34492
34498
34499
34505
34506
34512
34513
34519
34520
34526
34527
34533
34534
34540
34541
34547
34548
34554
34555
34561
34562
34568
34569
34575
34576
34582
34583
34589
34590
34596
34597
34603
34604
34610
34611
34617
34618
34624
34625
34631
34632
34638
34639
34645
34646
34652
34653
34659
34660
34666
34667
34673
34674
34680
34681
34687
34688
34692
34694
34695
34699
34701
34702
34708
34709
34715
34716
34722
34723
34729
34730
34736
34737
34738
34739
34743
34744
34750
34751
34757
34758
34764
34765
34771
34772
34778
34779
34784
34785
34786
34792
34793
34799
34800
34806
34807
34809
34813
34814
34819
34820
34821
34827
34828
34834
34835
34841
34842
34846
34848
34849
34855
34856
34862
34863
34869
34870
34876
34877
34883
34884
34890
34891
34897
34898
34904
34905
34911
34912
34918
34919
34925
34926
34932
34933
34939
34940
34946
34947
34948
34953
34954
34960
34961
34967
34968
34974
34975
34981
34982
34983
34988
34989
34995
34996
35002
35003
35004
35009
35010
35016
35017
35023
35024
35030
35031
35037
35038
35044
35045
35051
35052
35057
35058
35059
35064
35065
35066
35072
35073
35079
35080
35086
35087
35093
35094
35100
35101
35107
35108
35114
35115
35116
35117
35121
35122
35128
35129
35135
35136
35142
35143
35149
35150
35156
35157
35162
35163
35164
35170
35171
35174
35177
35178
35184
35185
35191
35192
35198
35199
35205
35206
35212
35213
35219
35220
35224
35226
35227
35233
35234
35240
35241
35247
35248
35254
35255
35261
35262
35268
35269
35275
35276
35282
35283
35289
35290
35296
35297
35303
35304
35310
35311
35313
35317
35318
35324
35325
35331
35332
35338
35339
35345
35346
35348
35352
35353
35359
35360
35366
35367
35369
35373
35374
35380
35381
35382
35387
35388
35394
35395
35401
35402
35408
35409
35415
35416
35422
35423
35429
35430
35436
35437
35443
35444
35450
35451
35457
35458
35464
35465
35471
35472
35473
35474
35478
35479
35485
35486
35492
35493
35499
35500
35506
35507
35513
35514
35519
35520
35521
35527
35528
35534
35535
35539
35541
35542
35548
35549
35555
35556
35562
35563
35569
35570
35576
35577
35581
35583
35584
35590
35591
35597
35598
35604
35605
35611
35612
35618
35619
35625
35626
35632
35633
35639
35640
35646
35647
35653
35654
35660
35661
35667
35668
35674
35675
35678
35681
35682
35688
35689
35695
35696
35702
35703
35709
35710
35713
35716
35717
35723
35724
35730
35731
35734
35737
35738
35744
35745
35747
35751
35752
35758
35759
35765
35766
35772
35773
35779
35780
35786
35787
35793
35794
35800
35801
35807
35808
35814
35815
35821
35822
35828
35829
35835
35836
35842
35843
35849
35850
35856
35857
35858
35859
35863
35864
35870
35871
35877
35878
35884
35885
35891
35892
35898
35899
35904
35905
35906
35912
35913
35915
35919
35920
35926
35927
35933
35934
35940
35941
35947
35948
35954
35955
35961
35962
35966
35968
35969
35975
35976
35982
35983
35989
35990
35996
35997
36003
36004
36010
36011
36017
36018
36024
36025
36031
36032
36038
36039
36044
36045
36046
36052
36053
36059
36060
36066
36067
36073
36074
36079
36080
36081
36087
36088
36094
36095
36100
36101
36102
36108
36109
36113
36115
36116
36122
36123
36129
36130
36136
36137
36143
36144
36150
36151
36153
36157
36158
36160
36164
36165
36171
36172
36178
36179
36185
36186
36192
36193
36199
36200
36206
36207
36213
36214
36215
36216
36220
36221
36227
36228
36234
36235
36241
36242
36248
36249
36255
36256
36261
36262
36263
36269
36270
36276
36277
36280
36283
36284
36290
36291
36297
36298
36304
36305
36311
36312
36318
36319
36323
36325
36326
36332
36333
36339
36340
36346
36347
36353
36354
36360
36361
36367
36368
36374
36375
36381
36382
36388
36389
36395
36396
36402
36403
36409
36410
36416
36417
36423
36424
36430
36431
36437
36438
36444
36445
36451
36452
36458
36459
36465
36466
36472
36473
36478
36479
36480
36486
36487
36493
36494
36500
36501
36507
36508
36514
36515
36518
36521
36522
36525
36528
36529
36535
36536
36542
36543
36549
36550
36556
36557
36563
36564
36565
36566
36570
36571
36577
36578
36584
36585
36591
36592
36598
36599
36605
36606
36611
36612
36613
36619
36620
36626
36627
36633
36634
36635
36640
36641
36645
36647
36648
36654
36655
36661
36662
36668
36669
36673
36675
36676
36682
36683
36689
36690
36696
36697
36703
36704
36710
36711
36717
36718
36724
36725
36731
36732
36738
36739
36745
36746
36752
36753
36759
36760
36766
36767
36773
36774
36780
36781
36787
36788
36794
36795
36801
36802
36808
36809
36815
36816
36822
36823
36829
36830
36836
36837
36843
36844
36850
36851
36857
36858
36864
36865
36871
36872
36878
36879
36883
36885
36886
36890
36892
36893
36899
36900
36906
36907
36913
36914
36920
36921
36927
36928
36934
36935
36941
36942
36948
36949
36950
36951
36955
36956
36962
36963
36969
36970
36976
36977
36983
36984
36990
36991
36996
36997
36998
37000
37004
37005
37010
37011
37012
37018
37019
37025
37026
37032
37033
37039
37040
37046
37047
37053
37054
37058
37060
37061
37067
37068
37074
37075
37081
37082
37088
37089
37095
37096
37102
37103
37109
37110
37116
37117
37123
37124
37130
37131
37137
37138
37139
37144
37145
37151
37152
37158
37159
37165
37166
37172
37173
37174
37179
37180
37186
37187
37193
37194
37195
37200
37201
37207
37208
37214
37215
37221
37222
37228
37229
37235
37236
37242
37243
37248
37249
37250
37255
37256
37257
37263
37264
37270
37271
37277
37278
37284
37285
37291
37292
37298
37299
37305
37306
37307
37308
37312
37313
37319
37320
37326
37327
37333
37334
37340
37341
37347
37348
37353
37354
37355
37361
37362
37366
37368
37369
37375
37376
37382
37383
37389
37390
37396
37397
37403
37404
37410
37411
37415
37417
37418
37424
37425
37431
37432
37438
37439
37445
37446
37452
37453
37459
37460
37466
37467
37473
37474
37480
37481
37487
37488
37494
37495
37501
37502
37505
37508
37509
37515
37516
37522
37523
37529
37530
37536
37537
37540
37543
37544
37550
37551
37557
37558
37561
37564
37565
37571
37572
37574
37578
37579
37585
37586
37592
37593
37599
37600
37606
37607
37613
37614
37620
37621
37627
37628
37634
37635
37641
37642
37648
37649
37655
37656
37657
37658
37662
37663
37669
37670
37676
37677
37683
37684
37690
37691
37697
37698
37703
37704
37705
37711
37712
37718
37719
37725
37726
37731
37732
37733
37739
37740
37741
37746
37747
37753
37754
37760
37761
37765
37767
37768
37774
37775
37781
37782
37788
37789
37795
37796
37802
37803
37809
37810
37816
37817
37823
37824
37830
37831
37837
37838
37844
37845
37851
37852
37858
37859
37865
37866
37870
37872
37873
37879
37880
37886
37887
37893
37894
37900
37901
37905
37907
37908
37914
37915
37921
37922
37926
37928
37929
37935
37936
37939
37942
37943
37949
37950
37956
37957
37963
37964
37970
37971
37977
37978
37979
37984
37985
37986
37991
37992
37998
37999
38005
38006
38012
38013
38019
38020
38026
38027
38033
38034
38040
38041
38042
38043
38047
38048
38054
38055
38061
38062
38068
38069
38075
38076
38082
38083
38088
38089
38090
38096
38097
38103
38104
38106
38110
38111
38117
38118
38124
38125
38131
38132
38138
38139
38145
38146
38150
38152
38153
38159
38160
38166
38167
38173
38174
38180
38181
38187
38188
38194
38195
38201
38202
38208
38209
38215
38216
38222
38223
38229
38230
38235
38236
38237
38243
38244
38250
38251
38257
38258
38264
38265
38270
38271
38272
38278
38279
38285
38286
38291
38292
38293
38299
38300
38304
38306
38307
38313
38314
38320
38321
38327
38328
38334
38335
38341
38342
38344
38348
38349
38351
38355
38356
38362
38363
38369
38370
38376
38377
38383
38384
38390
38391
38397
38398
38399
38400
38404
38405
38411
38412
38418
38419
38425
38426
38432
38433
38439
38440
38445
38446
38447
38453
38454
38460
38461
38467
38468
38471
38474
38475
38481
38482
38488
38489
38495
38496
38502
38503
38507
38509
38510
38516
38517
38523
38524
38530
38531
38537
38538
38544
38545
38551
38552
38558
38559
38565
38566
38572
38573
38579
38580
38586
38587
38593
38594
38600
38601
38607
38608
38614
38615
38621
38622
38628
38629
38635
38636
38642
38643
38649
38650
38656
38657
38663
38664
38669
38670
38671
38677
38678
38684
38685
38691
38692
38698
38699
38705
38706
38709
38712
38713
38716
38719
38720
38726
38727
38733
38734
38740
38741
38747
38748
38754
38755
38761
38762
38768
38769
38775
38776
38777
38778
38782
38783
38789
38790
38796
38797
38803
38804
38810
38811
38817
38818
38823
38824
38825
38827
38831
38832
38837
38838
38839
38845
38846
38852
38853
38859
38860
38866
38867
38873
38874
38880
38881
38885
38887
38888
38894
38895
38901
38902
38908
38909
38915
38916
38922
38923
38929
38930
38936
38937
38943
38944
38950
38951
38957
38958
38964
38965
38966
38971
38972
38978
38979
38985
38986
38992
38993
38999
39000
39001
39006
39007
39013
39014
39020
39021
39022
39027
39028
39034
39035
39041
39042
39048
39049
39055
39056
39062
39063
39069
39070
39075
39076
39077
39082
39083
39084
39090
39091
39097
39098
39104
39105
39111
39112
39118
39119
39125
39126
39132
39133
39134
39135
39139
39140
39146
39147
39153
39154
39160
39161
39167
39168
39174
39175
39180
39181
39182
39188
39189
39192
39195
39196
39202
39203
39209
39210
39216
39217
39223
39224
39230
39231
39237
39238
39242
39244
39245
39251
39252
39258
39259
39265
39266
39272
39273
39279
39280
39286
39287
39293
39294
39300
39301
39307
39308
39314
39315
39321
39322
39328
39329
39331
39335
39336
39342
39343
39349
39350
39356
39357
39363
39364
39366
39370
39371
39377
39378
39384
39385
39387
39391
39392
39398
39399
39400
39405
39406
39412
39413
39419
39420
39426
39427
39433
39434
39440
39441
39447
39448
39454
39455
39461
39462
39468
39469
39475
39476
39482
39483
39489
39490
39491
39492
39496
39497
39503
39504
39510
39511
39517
39518
39524
39525
39531
39532
39537
39538
39539
39545
39546
39552
39553
39557
39559
39560
39566
39567
39573
39574
39580
39581
39587
39588
39594
39595
39599
39601
39602
39608
39609
39615
39616
39622
39623
39629
39630
39636
39637
39643
39644
39650
39651
39657
39658
39664
39665
39671
39672
39678
39679
39685
39686
39692
39693
39696
39699
39700
39706
39707
39713
39714
39720
39721
39727
39728
39731
39734
39735
39741
39742
39748
39749
39752
39755
39756
39762
39763
39765
39769
39770
39776
39777
39783
39784
39790
39791
39797
39798
39804
39805
39811
39812
39818
39819
39825
39826
39832
39833
39839
39840
39846
39847
39853
39854
39860
39861
39867
39868
39874
39875
39876
39877
39881
39882
39888
39889
39895
39896
39902
39903
39909
39910
39916
39917
39922
39922
39923
39924
39930
39931
39932
39937
39938
39944
39945
39951
39952
39958
39959
39965
39966
39972
39973
39979
39980
39984
39986
39987
39993
39994
40000
40001
40007
40008
40014
40015
40021
40022
40028
40029
40035
40036
40042
40043
40049
40050
40056
40057
40061
40063
40064
40070
40071
40077
40078
40084
40085
40091
40092
40096
40098
40099
40105
40106
40112
40113
40117
40119
40120
40126
40127
40130
40133
40134
40140
40141
40147
40148
40154
40155
40161
40162
40168
40169
40170
40175
40176
40177
40182
40183
40189
40190
40196
40197
40203
40204
40210
40211
40217
40218
40224
40225
40226
40227
40231
40232
40238
40239
40245
40246
40252
40253
40259
40260
40266
40267
40272
40273
40274
40280
40281
40287
40288
40294
40295
40298
40301
40302
40308
40309
40315
40316
40322
40323
40329
40330
40334
40336
40337
40343
40344
40350
40351
40357
40358
40364
40365
40371
40372
40378
40379
40385
40386
40392
40393
40399
40400
40406
40407
40413
40414
40420
40421
40427
40428
40434
40435
40441
40442
40448
40449
40455
40456
40462
40463
40469
40470
40476
40477
40483
40484
40490
40491
40496
40497
40498
40504
40505
40511
40512
40518
40519
40525
40526
40532
40533
40536
40539
40540
40543
40546
40547
40553
40554
40560
40561
40567
40568
40574
40575
40581
40582
40583
40584
40588
40589
40595
40596
40602
40603
40609
40610
40616
40617
40623
40624
40629
40630
40631
40637
40638
40644
40645
40651
40652
40653
40658
40659
40663
40665
40666
40672
40673
40679
40680
40686
40687
40691
40693
40694
40700
40701
40707
40708
40714
40715
40721
40722
40728
40729
40735
40736
40742
40743
40749
40750
40756
40757
40763
40764
40770
40771
40777
40778
40784
40785
40791
40792
40798
40799
40805
40806
40812
40813
40819
40820
40826
40827
40833
40834
40840
40841
40847
40848
40854
40855
40861
40862
40868
40869
40875
40876
40882
40883
40889
40890
40896
40897
40901
40903
40904
40908
40910
40911
40917
40918
40924
40925
40931
40932
40938
40939
40945
40946
40952
40953
40959
40960
40966
40967
40968
40969
40973
40974
40980
40981
40987
40988
40994
40995
41001
41002
41008
41009
41014
41015
41016
41018
41022
41023
41028
41029
41030
41036
41037
41043
41044
41050
41051
41057
41058
41064
41065
41071
41072
41076
41078
41079
41085
41086
41092
41093
41099
41100
41106
41107
41113
41114
41120
41121
41127
41128
41134
41135
41141
41142
41148
41149
41155
41156
41157
41162
41163
41169
41170
41176
41177
41183
41184
41190
41191
41192
41197
41198
41204
41205
41211
41212
41213
41218
41219
41225
41226
41232
41233
41239
41240
41246
41247
41253
41254
41260
41261
41266
41267
41268
41273
41274
41275
41281
41282
41288
41289
41295
41296
41302
41303
41309
41310
41316
41317
41318
41319
41323
41324
41330
41331
41337
41338
41344
41345
41351
41352
41358
41359
41364
41365
41366
41372
41373
41379
41380
41383
41386
41387
41393
41394
41400
41401
41407
41408
41414
41415
41421
41422
41426
41428
41429
41435
41436
41442
41443
41449
41450
41456
41457
41463
41464
41470
41471
41477
41478
41484
41485
41491
41492
41498
41499
41505
41506
41512
41513
41519
41520
41522
41526
41527
41533
41534
41540
41541
41547
41548
41554
41555
41557
41561
41562
41568
41569
41575
41576
41578
41582
41583
41589
41590
41591
41596
41597
41603
41604
41610
41611
41617
41618
41624
41625
41631
41632
41638
41639
41645
41646
41652
41653
41659
41660
41666
41667
41673
41674
41675
41676
41680
41681
41687
41688
41694
41695
41701
41702
41708
41709
41715
41716
41721
41722
41723
41729
41730
41736
41737
41743
41744
41749
41750
41751
41757
41758
41759
41764
41765
41771
41772
41778
41779
41783
41785
41786
41792
41793
41799
41800
41806
41807
41813
41814
41820
41821
41827
41828
41834
41835
41841
41842
41848
41849
41855
41856
41862
41863
41869
41870
41876
41877
41883
41884
41888
41890
41891
41897
41898
41904
41905
41911
41912
41918
41919
41923
41925
41926
41932
41933
41939
41940
41944
41946
41947
41953
41954
41957
41960
41961
41967
41968
41974
41975
41981
41982
41988
41989
41995
41996
41997
42002
42003
42004
42009
42010
42016
42017
42023
42024
42030
42031
42037
42038
42044
42045
42051
42052
42058
42059
42060
42061
42065
42066
42072
42073
42079
42080
42086
42087
42093
42094
42100
42101
42106
42107
42108
42114
42115
42121
42122
42124
42128
42129
42135
42136
42142
42143
42149
42150
42156
42157
42163
42164
42168
42170
42171
42177
42178
42184
42185
42191
42192
42198
42199
42205
42206
42212
42213
42219
42220
42226
42227
42233
42234
42240
42241
42247
42248
42253
42254
42255
42261
42262
42268
42269
42275
42276
42282
42283
42288
42289
42290
42296
42297
42303
42304
42309
42310
42311
42317
42318
42322
42324
42325
42331
42332
42338
42339
42345
42346
42352
42353
42359
42360
42362
42366
42367
42369
42373
42374
42380
42381
42387
42388
42394
42395
42401
42402
42408
42409
42410
42411
42415
42416
42422
42423
42429
42430
42436
42437
42443
42444
42450
42451
42456
42457
42458
42464
42465
42471
42472
42478
42479
42485
42486
42489
42492
42493
42499
42500
42506
42507
42513
42514
42518
42520
42521
42527
42528
42534
42535
42541
42542
42548
42549
42555
42556
42562
42563
42569
42570
42576
42577
42583
42584
42590
42591
42597
42598
42604
42605
42611
42612
42618
42619
42625
42626
42632
42633
42639
42640
42646
42647
42653
42654
42660
42661
42667
42668
42674
42675
42681
42682
42687
42688
42689
42695
42696
42702
42703
42709
42710
42716
42717
42723
42724
42727
42730
42731
42734
42737
42738
42744
42745
42751
42752
42758
42759
42765
42766
42772
42773
42779
42780
42786
42787
42793
42794
42795
42796
42800
42801
42807
42808
42814
42815
42821
42822
42828
42829
42835
42836
42841
42842
42843
42844
42849
42850
42854
42856
42857
42863
42864
42870
42871
42877
42878
42884
42885
42891
42892
42898
42899
42903
42905
42906
42912
42913
42919
42920
42926
42927
42933
42934
42940
42941
42947
42948
42954
42955
42961
42962
42968
42969
42975
42976
42982
42983
42989
42990
42996
42997
43003
43004
43010
43011
43017
43018
43024
43025
43031
43032
43038
43039
43045
43046
43052
43053
43059
43060
43066
43067
43073
43074
43080
43081
43087
43088
43092
43094
43095
43099
43101
43102
43108
43109
43115
43116
43122
43123
43129
43130
43136
43137
43143
43144
43150
43151
43152
43153
43157
43158
43164
43165
43171
43172
43178
43179
43185
43186
43192
43193
43198
43199
43200
43206
43207
43210
43213
43214
43220
43221
43227
43228
43234
43235
43241
43242
43248
43249
43255
43256
43260
43262
43263
43269
43270
43276
43277
43283
43284
43290
43291
43297
43298
43304
43305
43311
43312
43318
43319
43325
43326
43332
43333
43339
43340
43346
43347
43349
43353
43354
43360
43361
43367
43368
43374
43375
43381
43382
43384
43388
43389
43395
43396
43402
43403
43405
43409
43410
43416
43417
43418
43423
43424
43430
43431
43437
43438
43444
43445
43451
43452
43458
43459
43465
43466
43472
43473
43479
43480
43486
43487
43493
43494
43500
43501
43507
43508
43509
43510
43514
43515
43521
43522
43528
43529
43535
43536
43542
43543
43549
43550
43555
43556
43557
43563
43564
43570
43571
43575
43577
43578
43584
43585
43591
43592
43598
43599
43605
43606
43612
43613
43617
43619
43620
43626
43627
43633
43634
43640
43641
43647
43648
43654
43655
43661
43662
43668
43669
43675
43676
43682
43683
43689
43690
43696
43697
43703
43704
43710
43711
43714
43717
43718
43724
43725
43731
43732
43738
43739
43745
43746
43749
43752
43753
43759
43760
43766
43767
43770
43773
43774
43780
43781
43783
43787
43788
43794
43795
43801
43802
43808
43809
43815
43816
43822
43823
43829
43830
43836
43837
43843
43844
43850
43851
43857
43858
43864
43865
43871
43872
43878
43879
43885
43886
43887
43888
43892
43893
43899
43900
43906
43907
43913
43914
43920
43921
43927
43928
43933
43934
43935
43940
43941
43942
43948
43949
43950
43955
43956
43962
43963
43969
43970
43976
43977
43983
43984
43990
43991
43995
43997
43998
44004
44005
44011
44012
44018
44019
44025
44026
44032
44033
44039
44040
44046
44047
44053
44054
44060
44061
44067
44068
44074
44075
44079
44081
44082
44088
44089
44095
44096
44102
44103
44109
44110
44114
44116
44117
44123
44124
44130
44131
44135
44137
44138
44144
44145
44148
44151
44152
44158
44159
44165
44166
44172
44173
44179
44180
44186
44187
44188
44193
44194
44195
44200
44201
44207
44208
44214
44215
44221
44222
44228
44229
44235
44236
44242
44243
44244
44245
44249
44250
44256
44257
44263
44264
44270
44271
44277
44278
44284
44285
44290
44291
44292
44298
44299
44305
44306
44312
44313
44315
44319
44320
44326
44327
44333
44334
44340
44341
44347
44348
44352
44354
44355
44361
44362
44368
44369
44375
44376
44382
44383
44389
44390
44396
44397
44403
44404
44410
44411
44417
44418
44424
44425
44431
44432
44438
44439
44444
44445
44446
44452
44453
44459
44460
44466
44467
44473
44474
44479
44480
44481
44487
44488
44494
44495
44500
44501
44502
44508
44509
44513
44515
44516
44522
44523
44529
44530
44536
44537
44543
44544
44550
44551
44553
44557
44558
44560
44564
44565
44571
44572
44578
44579
44585
44586
44592
44593
44599
44600
44601
44602
44606
44607
44613
44614
44620
44621
44627
44628
44634
44635
44641
44642
44647
44648
44649
44655
44656
44662
44663
44669
44670
44671
44676
44677
44681
44683
44684
44690
44691
44697
44698
44704
44705
44709
44711
44712
44718
44719
44725
44726
44732
44733
44739
44740
44746
44747
44753
44754
44760
44761
44767
44768
44774
44775
44781
44782
44788
44789
44795
44796
44802
44803
44809
44810
44816
44817
44823
44824
44830
44831
44837
44838
44844
44845
44851
44852
44858
44859
44865
44866
44872
44873
44879
44880
44886
44887
44893
44894
44900
44901
44907
44908
44914
44915
44919
44921
44922
44926
44928
44929
44935
44936
44942
44943
44949
44950
44956
44957
44963
44964
44970
44971
44977
44978
44979
44980
44984
44985
44991
44992
44998
44999
45005
45006
45012
45013
45019
45020
45025
45026
45027
45033
45034
45036
45040
45041
45046
45047
45048
45054
45055
45061
45062
45068
45069
45075
45076
45082
45083
45087
45089
45090
45096
45097
45103
45104
45110
45111
45117
45118
45124
45125
45131
45132
45138
45139
45145
45146
45152
45153
45159
45160
45166
45167
45173
45174
45175
45180
45181
45187
45188
45194
45195
45201
45202
45208
45209
45210
45215
45216
45222
45223
45229
45230
45231
45236
45237
45243
45244
45250
45251
45257
45258
45264
45265
45271
45272
45278
45279
45284
45285
45286
45291
45292
45293
45299
45300
45306
45307
45313
45314
45320
45321
45327
45328
45334
45335
45336
45337
45341
45342
45348
45349
45355
45356
45362
45363
45369
45370
45376
45377
45382
45383
45384
45390
45391
45397
45398
45401
45404
45405
45411
45412
45418
45419
45425
45426
45432
45433
45439
45440
45444
45446
45447
45453
45454
45460
45461
45467
45468
45474
45475
45481
45482
45488
45489
45495
45496
45502
45503
45509
45510
45516
45517
45523
45524
45530
45531
45537
45538
45540
45544
45545
45551
45552
45558
45559
45565
45566
45572
45573
45575
45579
45580
45586
45587
45593
45594
45596
45600
45601
45607
45608
45609
45614
45615
45621
45622
45628
45629
45635
45636
45642
45643
45649
45650
45656
45657
45663
45664
45670
45671
45677
45678
45684
45685
45691
45692
45698
45699
45705
45706
45712
45713
45719
45720
45721
45722
45726
45727
45733
45734
45740
45741
45747
45748
45754
45755
45761
45762
45766
45767
45768
45769
45775
45776
45782
45783
45789
45790
45796
45797
45803
45804
45810
45811
45817
45818
45824
45825
45829
45831
45832
45838
45839
45845
45846
45852
45853
45859
45860
45866
45867
45873
45874
45880
45881
45887
45888
45894
45895
45901
45902
45905
45908
45909
45915
45916
45922
45923
45929
45930
45936
45937
45940
45943
45944
45950
45951
45957
45958
45961
45964
45965
45971
45972
45974
45978
45979
45985
45986
45992
45993
45999
46000
46006
46007
46013
46014
46020
46021
46027
46028
46034
46035
46041
46042
46048
46049
46055
46056
46062
46063
46069
46070
46076
46077
46078
46079
46083
46084
46090
46091
46097
46098
46104
46105
46111
46112
46118
46119
46124
46125
46126
46132
46133
46139
46140
46142
46146
46147
46153
46154
46160
46161
46167
46168
46174
46175
46181
46182
46186
46188
46189
46195
46196
46202
46203
46209
46210
46216
46217
46223
46224
46230
46231
46237
46238
46244
46245
46251
46252
46258
46259
46265
46266
46271
46272
46273
46279
46280
46286
46287
46293
46294
46300
46301
46306
46307
46308
46314
46315
46321
46322
46327
46328
46329
46335
46336
46340
46342
46343
46349
46350
46356
46357
46363
46364
46370
46371
46377
46378
46380
46384
46385
46387
46391
46392
46398
46399
46405
46406
46412
46413
46419
46420
46426
46427
46428
46429
46433
46434
46440
46441
46447
46448
46454
46455
46461
46462
46468
46469
46474
46475
46476
46482
46483
46489
46490
46496
46497
46503
46504
46507
46510
46511
46517
46518
46524
46525
46531
46532
46536
46538
46539
46545
46546
46552
46553
46559
46560
46566
46567
46573
46574
46580
46581
46587
46588
46594
46595
46601
46602
46608
46609
46615
46616
46622
46623
46629
46630
46636
46637
46643
46644
46650
46651
46657
46658
46664
46665
46671
46672
46678
46679
46685
46686
46692
46693
46699
46700
46705
46706
46707
46713
46714
46720
46721
46727
46728
46734
46735
46741
46742
46745
46748
46749
46752
46755
46756
46762
46763
46769
46770
46776
46777
46783
46784
46790
46791
46797
46798
46804
46805
46811
46812
46813
46814
46818
46819
46825
46826
46832
46833
46839
46840
46846
46847
46853
46854
46859
46860
46861
46862
46867
46868
46872
46874
46875
46881
46882
46888
46889
46895
46896
46902
46903
46909
46910
46916
46917
46921
46923
46924
46930
46931
46937
46938
46944
46945
46951
46952
46958
46959
46965
46966
46972
46973
46979
46980
46986
46987
46993
46994
47000
47001
47007
47008
47014
47015
47021
47022
47028
47029
47035
47036
47042
47043
47049
47050
47056
47057
47063
47064
47070
47071
47077
47078
47084
47085
47091
47092
47098
47099
47105
47106
47110
47112
47113
47117
47119
47120
47126
47127
47133
47134
47140
47141
47147
47148
47154
47155
47161
47162
47168
47169
47170
47171
47175
47176
47182
47183
47189
47190
47196
47197
47203
47204
47210
47211
47216
47217
47218
47224
47225
47227
47231
47232
47237
47238
47239
47245
47246
47252
47253
47259
47260
47266
47267
47273
47274
47278
47280
47281
47287
47288
47294
47295
47301
47302
47308
47309
47315
47316
47322
47323
47329
47330
47336
47337
47343
47344
47350
47351
47357
47358
47364
47365
47366
47371
47372
47378
47379
47385
47386
47392
47393
47399
47400
47401
47406
47407
47413
47414
47420
47421
47422
47427
47428
47434
47435
47441
47442
47448
47449
47455
47456
47462
47463
47469
47470
47475
47476
47477
47482
47483
47484
47490
47491
47497
47498
47504
47505
47511
47512
47518
47519
47520
47521
47525
47526
47532
47533
47539
47540
47546
47547
47553
47554
47560
47561
47566
47567
47568
47574
47575
47581
47582
47588
47589
47592
47595
47596
47602
47603
47609
47610
47616
47617
47623
47624
47628
47630
47631
47637
47638
47644
47645
47651
47652
47658
47659
47665
47666
47672
47673
47679
47680
47686
47687
47693
47694
47700
47701
47707
47708
47714
47715
47721
47722
47728
47729
47731
47735
47736
47742
47743
47749
47750
47756
47757
47763
47764
47766
47770
47771
47777
47778
47784
47785
47787
47791
47792
47798
47799
47800
47805
47806
47812
47813
47819
47820
47826
47827
47833
47834
47840
47841
47847
47848
47854
47855
47861
47862
47868
47869
47875
47876
47882
47883
47889
47890
47896
47897
47903
47904
47905
47906
47910
47911
47917
47918
47924
47925
47931
47932
47938
47939
47945
47946
47951
47952
47953
47957
47959
47960
47966
47967
47973
47974
47980
47981
47987
47988
47994
47995
48001
48002
48008
48009
48013
48015
48016
48022
48023
48029
48030
48036
48037
48043
48044
48050
48051
48057
48058
48064
48065
48071
48072
48078
48079
48085
48086
48092
48093
48096
48099
48100
48106
48107
48113
48114
48120
48121
48127
48128
48131
48134
48135
48141
48142
48148
48149
48152
48155
48156
48162
48163
48165
48169
48170
48176
48177
48183
48184
48190
48191
48197
48198
48204
48205
48211
48212
48218
48219
48225
48226
48232
48233
48239
48240
48246
48247
48253
48254
48260
48261
48262
48263
48267
48268
48274
48275
48281
48282
48288
48289
48295
48296
48302
48303
48308
48309
48310
48316
48317
48322
48323
48324
48330
48331
48332
48337
48338
48344
48345
48351
48352
48358
48359
48365
48366
48370
48372
48373
48379
48380
48386
48387
48393
48394
48400
48401
48407
48408
48414
48415
48421
48422
48428
48429
48435
48436
48442
48443
48449
48450
48456
48457
48461
48463
48464
48470
48471
48477
48478
48484
48485
48491
48492
48496
48498
48499
48505
48506
48512
48513
48517
48519
48520
48526
48527
48530
48533
48534
48540
48541
48547
48548
48554
48555
48561
48562
48568
48569
48570
48575
48576
48577
48582
48583
48589
48590
48596
48597
48603
48604
48610
48611
48612
48613
48617
48618
48624
48625
48631
48632
48638
48639
48645
48646
48652
48653
48658
48659
48660
48666
48667
48673
48674
48680
48681
48687
48688
48694
48695
48697
48701
48702
48708
48709
48715
48716
48720
48722
48723
48729
48730
48736
48737
48743
48744
48750
48751
48757
48758
48764
48765
48771
48772
48778
48779
48785
48786
48792
48793
48799
48800
48806
48807
48813
48814
48820
48821
48826
48827
48828
48834
48835
48841
48842
48848
48849
48855
48856
48861
48862
48863
48869
48870
48876
48877
48882
48883
48884
48890
48891
48895
48897
48898
48904
48905
48911
48912
48918
48919
48925
48926
48932
48933
48935
48939
48940
48942
48946
48947
48953
48954
48960
48961
48967
48968
48974
48975
48981
48982
48988
48989
48995
48996
48997
48998
49002
49003
49009
49010
49016
49017
49023
49024
49030
49031
49037
49038
49043
49044
49045
49051
49052
49053
49058
49059
49063
49065
49066
49072
49073
49079
49080
49086
49087
49093
49094
49100
49101
49105
49107
49108
49114
49115
49121
49122
49128
49129
49135
49136
49142
49143
49149
49150
49156
49157
49163
49164
49170
49171
49177
49178
49184
49185
49191
49192
49198
49199
49205
49206
49212
49213
49219
49220
49226
49227
49233
49234
49240
49241
49247
49248
49254
49255
49261
49262
49268
49269
49275
49276
49282
49283
49289
49290
49296
49297
49301
49303
49304
49308
49310
49311
49317
49318
49324
49325
49331
49332
49338
49339
49345
49346
49352
49353
49354
49355
49359
49360
49366
49367
49373
49374
49380
49381
49387
49388
49394
49395
49400
49401
49402
49408
49409
49415
49416
49418
49422
49423
49428
49429
49430
49436
49437
49443
49444
49450
49451
49457
49458
49462
49464
49465
49471
49472
49478
49479
49485
49486
49492
49493
49499
49500
49506
49507
49513
49514
49520
49521
49527
49528
49534
49535
49541
49542
49548
49549
49555
49556
49557
49562
49563
49569
49570
49576
49577
49583
49584
49590
49591
49592
49597
49598
49604
49605
49611
49612
49613
49618
49619
49625
49626
49632
49633
49639
49640
49646
49647
49653
49654
49660
49661
49666
49667
49668
49673
49674
49675
49681
49682
49688
49689
49695
49696
49702
49703
49709
49710
49716
49717
49723
49724
49730
49731
49732
49733
49737
49738
49744
49745
49751
49752
49758
49759
49765
49766
49772
49773
49778
49779
49780
49783
49786
49787
49793
49794
49800
49801
49807
49808
49814
49815
49821
49822
49828
49829
49835
49836
49840
49842
49843
49849
49850
49856
49857
49863
49864
49870
49871
49877
49878
49884
49885
49891
49892
49898
49899
49905
49906
49912
49913
49919
49920
49922
49926
49927
49933
49934
49940
49941
49947
49948
49954
49955
49957
49961
49962
49968
49969
49975
49976
49978
49982
49983
49989
49990
49991
49996
49997
50003
50004
50010
50011
50017
50018
50024
50025
50031
50032
50038
50039
50045
50046
50052
50053
50059
50060
50066
50067
50073
50074
50080
50081
50087
50088
50089
50090
50094
50095
50101
50102
50108
50109
50115
50116
50122
50123
50129
50130
50135
50136
50137
50143
50144
50148
50150
50151
50157
50158
50164
50165
50171
50172
50178
50179
50185
50186
50192
50193
50197
50199
50200
50206
50207
50213
50214
50220
50221
50227
50228
50234
50235
50241
50242
50248
50249
50255
50256
50262
50263
50269
50270
50276
50277
50283
50284
50287
50290
50291
50297
50298
50304
50305
50311
50312
50318
50319
50322
50325
50326
50332
50333
50339
50340
50343
50346
50347
50353
50354
50356
50360
50361
50367
50368
50374
50375
50381
50382
50388
50389
50395
50396
50402
50403
50409
50410
50416
50417
50423
50424
50430
50431
50437
50438
50444
50445
50446
50447
50451
50452
50458
50459
50465
50466
50472
50473
50479
50480
50486
50487
50492
50493
50494
50500
50501
50507
50508
50514
50515
50521
50522
50524
50528
50529
50535
50536
50542
50543
50549
50550
50554
50556
50557
50563
50564
50570
50571
50577
50578
50584
50585
50591
50592
50598
50599
50605
50606
50612
50613
50619
50620
50626
50627
50633
50634
50640
50641
50647
50648
50653
50654
50655
50661
50662
50668
50669
50675
50676
50682
50683
50688
50689
50690
50696
50697
50703
50704
50709
50710
50711
50717
50718
50722
50724
50725
50731
50732
50738
50739
50745
50746
50752
50753
50759
50760
50762
50766
50767
50769
50773
50774
50780
50781
50787
50788
50794
50795
50801
50802
50808
50809
50815
50816
50822
50823
50829
50830
50831
50832
50836
50837
50843
50844
50850
50851
50857
50858
50864
50865
50871
50872
50877
50878
50879
50885
50886
50889
50892
50893
50899
50900
50906
50907
50913
50914
50920
50921
50927
50928
50934
50935
50939
50941
50942
50948
50949
50955
50956
50962
50963
50969
50970
50976
50977
50983
50984
50990
50991
50997
50998
51004
51005
51011
51012
51018
51019
51025
51026
51032
51033
51039
51040
51046
51047
51053
51054
51060
51061
51067
51068
51074
51075
51081
51082
51087
51088
51089
51095
51096
51102
51103
51109
51110
51116
51117
51123
51124
51127
51130
51131
51134
51137
51138
51144
51145
51151
51152
51158
51159
51165
51166
51172
51173
51179
51180
51181
51182
51186
51187
51193
51194
51200
51201
51207
51208
51214
51215
51221
51222
51227
51228
51229
51235
51236
51242
51243
51244
51249
51250
51254
51256
51257
51263
51264
51270
51271
51277
51278
51284
51285
51289
51291
51292
51298
51299
51305
51306
51312
51313
51319
51320
51326
51327
51333
51334
51340
51341
51347
51348
51354
51355
51361
51362
51368
51369
51375
51376
51382
51383
51389
51390
51396
51397
51403
51404
51410
51411
51417
51418
51424
51425
51431
51432
51438
51439
51445
51446
51452
51453
51459
51460
51466
51467
51473
51474
51480
51481
51487
51488
51492
51494
51495
51499
51501
51502
51508
51509
51515
51516
51522
51523
51529
51530
51536
51537
51538
51539
51543
51544
51550
51551
51557
51558
51564
51565
51571
51572
51578
51579
51584
51585
51586
51592
51593
51599
51600
51606
51607
51609
51613
51614
51619
51620
51621
51627
51628
51634
51635
51641
51642
51646
51648
51649
51655
51656
51662
51663
51669
51670
51676
51677
51683
51684
51690
51691
51697
51698
51704
51705
51711
51712
51718
51719
51725
51726
51732
51733
51739
51740
51746
51747
51748
51753
51754
51760
51761
51767
51768
51774
51775
51781
51782
51783
51788
51789
51795
51796
51802
51803
51804
51809
51810
51816
51817
51823
51824
51830
51831
51837
51838
51844
51845
51851
51852
51857
51858
51859
51864
51865
51866
51872
51873
51879
51880
51886
51887
51893
51894
51900
51901
51907
51908
51914
51915
51921
51922
51923
51924
51928
51929
51935
51936
51942
51943
51949
51950
51956
51957
51963
51964
51969
51970
51971
51975
51977
51978
51984
51985
51991
51992
51998
51999
52005
52006
52012
52013
52019
52020
52026
52027
52031
52033
52034
52040
52041
52047
52048
52054
52055
52061
52062
52068
52069
52075
52076
52082
52083
52089
52090
52096
52097
52103
52104
52110
52111
52114
52117
52118
52124
52125
52131
52132
52138
52139
52145
52146
52149
52152
52153
52159
52160
52166
52167
52170
52173
52174
52180
52181
52183
52187
52188
52194
52195
52201
52202
52208
52209
52215
52216
52222
52223
52229
52230
52236
52237
52243
52244
52250
52251
52257
52258
52264
52265
52271
52272
52273
52274
52278
52279
52285
52286
52292
52293
52299
52300
52306
52307
52313
52314
52319
52320
52321
52327
52328
52334
52335
52340
52341
52342
52348
52349
52350
52355
52356
52362
52363
52369
52370
52376
52377
52381
52383
52384
52390
52391
52397
52398
52404
52405
52411
52412
52418
52419
52425
52426
52432
52433
52439
52440
52446
52447
52453
52454
52460
52461
52467
52468
52474
52475
52479
52481
52482
52488
52489
52495
52496
52502
52503
52509
52510
52514
52516
52517
52523
52524
52530
52531
52535
52537
52538
52544
52545
52548
52551
52552
52558
52559
52565
52566
52572
52573
52579
52580
52586
52587
52588
52593
52594
52595
52600
52601
52607
52608
52614
52615
52621
52622
52628
52629
52635
52636
52642
52643
52649
52650
52656
52657
52658
52659
52663
52664
52670
52671
52677
52678
52684
52685
52691
52692
52698
52699
52704
52705
52706
52712
52713
52715
52719
52720
52726
52727
52733
52734
52740
52741
52747
52748
52754
52755
52761
52762
52766
52768
52769
52775
52776
52782
52783
52789
52790
52796
52797
52803
52804
52810
52811
52817
52818
52824
52825
52831
52832
52838
52839
52844
52845
52846
52852
52853
52859
52860
52866
52867
52873
52874
52879
52880
52881
52887
52888
52894
52895
52900
52901
52902
52908
52909
52913
52915
52916
52922
52923
52929
52930
52936
52937
52943
52944
52950
52951
52953
52957
52958
52960
52964
52965
52971
52972
52978
52979
52985
52986
52992
52993
52999
53000
53006
53007
53013
53014
53015
53016
53020
53021
53027
53028
53034
53035
53041
53042
53048
53049
53055
53056
53061
53062
53063
53069
53070
53076
53077
53080
53083
53084
53090
53091
53097
53098
53104
53105
53111
53112
53118
53119
53123
53125
53126
53132
53133
53139
53140
53146
53147
53153
53154
53160
53161
53167
53168
53174
53175
53181
53182
53188
53189
53195
53196
53202
53203
53209
53210
53216
53217
53223
53224
53230
53231
53237
53238
53244
53245
53251
53252
53258
53259
53265
53266
53272
53273
53278
53279
53280
53286
53287
53293
53294
53300
53301
53307
53308
53314
53315
53318
53321
53322
53325
53328
53329
53335
53336
53342
53343
53349
53350
53356
53357
53363
53364
53365
53366
53370
53371
53377
53378
53384
53385
53391
53392
53398
53399
53405
53406
53411
53412
53413
53419
53420
53426
53427
53433
53434
53436
53440
53441
53446
53447
53448
53454
53455
53461
53462
53468
53469
53473
53475
53476
53482
53483
53489
53490
53496
53497
53503
53504
53510
53511
53517
53518
53524
53525
53531
53532
53538
53539
53545
53546
53552
53553
53559
53560
53566
53567
53573
53574
53575
53580
53581
53587
53588
53594
53595
53601
53602
53608
53609
53610
53615
53616
53622
53623
53629
53630
53631
53636
53637
53643
53644
53650
53651
53657
53658
53664
53665
53671
53672
53678
53679
53684
53685
53686
53691
53692
53693
53699
53700
53706
53707
53713
53714
53720
53721
53727
53728
53734
53735
53741
53742
53748
53749
53750
53751
53755
53756
53762
53763
53769
53770
53776
53777
53783
53784
53790
53791
53796
53797
53798
53801
53804
53805
53811
53812
53818
53819
53825
53826
53832
53833
53839
53840
53846
53847
53853
53854
53858
53860
53861
53867
53868
53874
53875
53881
53882
53888
53889
53895
53896
53902
53903
53909
53910
53916
53917
53923
53924
53930
53931
53937
53938
53940
53944
53945
53951
53952
53958
53959
53965
53966
53972
53973
53975
53979
53980
53986
53987
53993
53994
53996
54000
54001
54007
54008
54009
54014
54015
54021
54022
54028
54029
54035
54036
54042
54043
54049
54050
54056
54057
54063
54064
54070
54071
54077
54078
54084
54085
54091
54092
54098
54099
54105
54106
54107
54108
54112
54113
54119
54120
54126
54127
54133
54134
54140
54141
54147
54148
54153
54154
54155
54161
54162
54166
54168
54169
54175
54176
54182
54183
54189
54190
54196
54197
54203
54204
54210
54211
54215
54217
54218
54224
54225
54231
54232
54238
54239
54245
54246
54252
54253
54259
54260
54266
54267
54273
54274
54280
54281
54287
54288
54294
54295
54301
54302
54305
54308
54309
54315
54316
54322
54323
54329
54330
54336
54337
54340
54343
54344
54350
54351
54357
54358
54361
54364
54365
54371
54372
54374
54378
54379
54385
54386
54392
54393
54399
54400
54406
54407
54413
54414
54420
54421
54427
54428
54434
54435
54441
54442
54448
54449
54455
54456
54457
54458
54462
54463
54469
54470
54476
54477
54483
54484
54490
54491
54497
54498
54503
54504
54505
54511
54512
54518
54519
54525
54526
54531
54532
54533
54539
54540
54541
54546
54547
54553
54554
54560
54561
54565
54567
54568
54574
54575
54581
54582
54588
54589
54595
54596
54602
54603
54609
54610
54616
54617
54623
54624
54630
54631
54637
54638
54644
54645
54651
54652
54658
54659
54665
54666
54670
54672
54673
54679
54680
54686
54687
54693
54694
54700
54701
54705
54707
54708
54714
54715
54721
54722
54726
54728
54729
54735
54736
54739
54742
54743
54749
54750
54756
54757
54763
54764
54770
54771
54777
54778
54779
54784
54785
54786
54791
54792
54798
54799
54805
54806
54812
54813
54819
54820
54826
54827
54833
54834
54840
54841
54842
54843
54847
54848
54854
54855
54861
54862
54868
54869
54875
54876
54882
54883
54888
54889
54890
54896
54897
54903
54904
54907
54910
54911
54917
54918
54924
54925
54931
54932
54938
54939
54945
54946
54950
54952
54953
54959
54960
54966
54967
54973
54974
54980
54981
54987
54988
54994
54995
55001
55002
55008
55009
55015
55016
55022
55023
55029
55030
55036
55037
55043
55044
55050
55051
55057
55058
55064
55065
55071
55072
55078
55079
55085
55086
55092
55093
55099
55100
55105
55106
55107
55113
55114
55120
55121
55127
55128
55134
55135
55141
55142
55145
55148
55149
55152
55155
55156
55162
55163
55169
55170
55176
55177
55183
55184
55190
55191
55197
55198
55199
55200
55204
55205
55211
55212
55218
55219
55225
55226
55232
55233
55239
55240
55245
55246
55247
55253
55254
55260
55261
55262
55267
55268
55272
55274
55275
55281
55282
55288
55289
55295
55296
55302
55303
55307
55309
55310
55316
55317
55323
55324
55330
55331
55337
55338
55344
55345
55351
55352
55358
55359
55365
55366
55372
55373
55379
55380
55386
55387
55393
55394
55400
55401
55407
55408
55414
55415
55421
55422
55428
55429
55435
55436
55442
55443
55449
55450
55456
55457
55463
55464
55470
55471
55477
55478
55484
55485
55491
55492
55498
55499
55505
55506
55510
55512
55513
55517
55519
55520
55526
55527
55533
55534
55540
55541
55547
55548
55554
55555
55556
55557
55561
55562
55568
55569
55575
55576
55582
55583
55589
55590
55596
55597
55602
55603
55604
55610
55611
55617
55618
55624
55625
55627
55631
55632
55637
55638
55639
55645
55646
55652
55653
55659
55660
55664
55666
55667
55673
55674
55680
55681
55687
55688
55694
55695
55701
55702
55708
55709
55715
55716
55722
55723
55729
55730
55736
55737
55743
55744
55750
55751
55757
55758
55764
55765
55766
55771
55772
55778
55779
55785
55786
55792
55793
55799
55800
55801
55806
55807
55813
55814
55820
55821
55822
55827
55828
55834
55835
55841
55842
55848
55849
55855
55856
55862
55863
55869
55870
55875
55876
55877
55882
55883
55884
55890
55891
55897
55898
55904
55905
55911
55912
55918
55919
55925
55926
55932
55933
55934
55935
55939
55940
55946
55947
55953
55954
55960
55961
55967
55968
55974
55975
55980
55981
55982
55988
55989
55992
55995
55996
56002
56003
56009
56010
56016
56017
56023
56024
56030
56031
56037
56038
56042
56044
56045
56051
56052
56058
56059
56065
56066
56072
56073
56079
56080
56086
56087
56093
56094
56100
56101
56107
56108
56114
56115
56121
56122
56128
56129
56131
56135
56136
56142
56143
56149
56150
56156
56157
56163
56164
56166
56170
56171
56177
56178
56184
56185
56187
56191
56192
56198
56199
56200
56205
56206
56212
56213
56219
56220
56226
56227
56233
56234
56240
56241
56247
56248
56254
56255
56261
56262
56268
56269
56275
56276
56282
56283
56289
56290
56291
56292
56296
56297
56303
56304
56310
56311
56317
56318
56324
56325
56331
56332
56337
56338
56339
56345
56346
56352
56353
56358
56359
56360
56366
56367
56368
56373
56374
56380
56381
56387
56388
56394
56395
56399
56401
56402
56408
56409
56415
56416
56422
56423
56429
56430
56436
56437
56443
56444
56450
56451
56457
56458
56464
56465
56471
56472
56478
56479
56485
56486
56492
56493
56497
56499
56500
56506
56507
56513
56514
56520
56521
56527
56528
56532
56534
56535
56541
56542
56548
56549
56553
56555
56556
56562
56563
56566
56569
56570
56576
56577
56583
56584
56590
56591
56597
56598
56604
56605
56606
56611
56612
56613
56618
56619
56625
56626
56632
56633
56639
56640
56646
56647
56653
56654
56660
56661
56667
56668
56674
56675
56676
56677
56681
56682
56688
56689
56695
56696
56702
56703
56709
56710
56716
56717
56722
56723
56724
56730
56731
56733
56737
56738
56744
56745
56751
56752
56758
56759
56765
56766
56772
56773
56779
56780
56784
56786
56787
56793
56794
56800
56801
56807
56808
56814
56815
56821
56822
56828
56829
56835
56836
56842
56843
56849
56850
56856
56857
56862
56863
56864
56870
56871
56877
56878
56884
56885
56891
56892
56897
56898
56899
56905
56906
56912
56913
56918
56919
56920
56926
56927
56931
56933
56934
56940
56941
56947
56948
56954
56955
56961
56962
56968
56969
56971
56975
56976
56978
56982
56983
56989
56990
56996
56997
57003
57004
57010
57011
57017
57018
57024
57025
57031
57032
57033
57034
57038
57039
57045
57046
57052
57053
57059
57060
57066
57067
57073
57074
57079
57080
57081
57087
57088
57094
57095
57098
57101
57102
57108
57109
57115
57116
57122
57123
57129
57130
57136
57137
57141
57143
57144
57150
57151
57157
57158
57164
57165
57171
57172
57178
57179
57185
57186
57192
57193
57199
57200
57206
57207
57213
57214
57220
57221
57227
57228
57234
57235
57241
57242
57248
57249
57255
57256
57262
57263
57269
57270
57276
57277
57283
57284
57290
57291
57296
57297
57298
57304
57305
57311
57312
57318
57319
57325
57326
57332
57333
57336
57339
57340
57343
57346
57347
57353
57354
57360
57361
57367
57368
57374
57375
57381
57382
57383
57384
57388
57389
57395
57396
57402
57403
57409
57410
57416
57417
57423
57424
57429
57430
57431
57437
57438
57444
57445
57451
57452
57453
57458
57459
57463
57465
57466
57472
57473
57479
57480
57486
57487
57491
57493
57494
57500
57501
57507
57508
57514
57515
57521
57522
57528
57529
57535
57536
57542
57543
57549
57550
57556
57557
57563
57564
57570
57571
57577
57578
57584
57585
57591
57592
57598
57599
57605
57606
57612
57613
57619
57620
57626
57627
57633
57634
57640
57641
57647
57648
57654
57655
57661
57662
57668
57669
57675
57676
57682
57683
57689
57690
57696
57697
57701
57703
57704
57708
57710
57711
57717
57718
57724
57725
57731
57732
57738
57739
57745
57746
57752
57753
57759
57760
57766
57767
57768
57769
57773
57774
57780
57781
57787
57788
57794
57795
57801
57802
57808
57809
57814
57815
57816
57819
57822
57823
57829
57830
57836
57837
57843
57844
57850
57851
57857
57858
57864
57865
57871
57872
57876
57878
57879
57885
57886
57892
57893
57899
57900
57906
57907
57913
57914
57920
57921
57927
57928
57934
57935
57941
57942
57948
57949
57955
57956
57958
57962
57963
57969
57970
57976
57977
57983
57984
57990
57991
57993
57997
57998
58004
58005
58011
58012
58014
58018
58019
58025
58026
58027
58032
58033
58039
58040
58046
58047
58053
58054
58060
58061
58067
58068
58074
58075
58081
58082
58088
58089
58095
58096
58102
58103
58109
58110
58116
58117
58123
58124
58125
58126
58130
58131
58137
58138
58144
58145
58151
58152
58158
58159
58165
58166
58171
58172
58173
58179
58180
58184
58186
58187
58193
58194
58200
58201
58207
58208
58214
58215
58221
58222
58228
58229
58233
58235
58236
58242
58243
58249
58250
58256
58257
58263
58264
58270
58271
58277
58278
58284
58285
58291
58292
58298
58299
58305
58306
58312
58313
58319
58320
58323
58326
58327
58333
58334
58340
58341
58347
58348
58354
58355
58358
58361
58362
58368
58369
58375
58376
58379
58382
58383
58389
58390
58392
58396
58397
58403
58404
58410
58411
58417
58418
58424
58425
58431
58432
58438
58439
58445
58446
58452
58453
58459
58460
58466
58467
58473
58474
58475
58476
58480
58481
58487
58488
58494
58495
58501
58502
58508
58509
58515
58516
58521
58522
58523
58529
58530
58536
58537
58543
58544
58549
58550
58551
58557
58558
58559
58564
58565
58571
58572
58578
58579
58583
58585
58586
58592
58593
58599
58600
58606
58607
58613
58614
58620
58621
58627
58628
58634
58635
58641
58642
58648
58649
58655
58656
58662
58663
58669
58670
58676
58677
58683
58684
58688
58690
58691
58697
58698
58704
58705
58711
58712
58718
58719
58723
58725
58726
58732
58733
58739
58740
58744
58746
58747
58753
58754
58757
58760
58761
58767
58768
58774
58775
58781
58782
58788
58789
58795
58796
58797
58802
58803
58804
58809
58810
58816
58817
58823
58824
58830
58831
58837
58838
58844
58845
58851
58852
58858
58859
58860
58861
58865
58866
58872
58873
58879
58880
58886
58887
58893
58894
58900
58901
58906
58907
58908
58914
58915
58921
58922
58924
58928
58929
58935
58936
58942
58943
58949
58950
58956
58957
58963
58964
58968
58970
58971
58977
58978
58984
58985
58991
58992
58998
58999
59005
59006
59012
59013
59019
59020
59026
59027
59033
59034
59040
59041
59047
59048
59053
59054
59055
59061
59062
59068
59069
59075
59076
59082
59083
59088
59089
59090
59096
59097
59103
59104
59109
59110
59111
59117
59118
59122
59124
59125
59131
59132
59138
59139
59145
59146
59152
59153
59159
59160
59162
59166
59167
59169
59173
59174
59180
59181
59187
59188
59194
59195
59201
59202
59208
59209
59215
59216
59217
59218
59222
59223
59229
59230
59236
59237
59243
59244
59250
59251
59257
59258
59263
59264
59265
59271
59272
59278
59279
59280
59285
59286
59290
59292
59293
59299
59300
59306
59307
59313
59314
59320
59321
59325
59327
59328
59334
59335
59341
59342
59348
59349
59355
59356
59362
59363
59369
59370
59376
59377
59383
59384
59390
59391
59397
59398
59404
59405
59411
59412
59418
59419
59425
59426
59432
59433
59439
59440
59446
59447
59453
59454
59460
59461
59467
59468
59474
59475
59481
59482
59488
59489
59495
59496
59502
59503
59509
59510
59516
59517
59523
59524
59528
59530
59531
59535
59537
59538
59544
59545
59551
59552
59558
59559
59565
59566
59572
59573
59579
59580
59586
59587
59593
59594
59595
59596
59600
59601
59607
59608
59614
59615
59621
59622
59628
59629
59635
59636
59641
59642
59643
59645
59649
59650
59655
59656
59657
59663
59664
59670
59671
59677
59678
59684
59685
59691
59692
59698
59699
59703
59705
59706
59712
59713
59719
59720
59726
59727
59733
59734
59740
59741
59747
59748
59754
59755
59761
59762
59768
59769
59775
59776
59782
59783
59784
59789
59790
59796
59797
59803
59804
59810
59811
59817
59818
59819
59824
59825
59831
59832
59838
59839
59840
59845
59846
59852
59853
59859
59860
59866
59867
59873
59874
59880
59881
59887
59888
59893
59894
59895
59900
59901
59902
59908
59909
59915
59916
59922
59923
59929
59930
59936
59937
59943
59944
59950
59951
59952
59953
59957
59958
59964
59965
59971
59972
59978
59979
59985
59986
59992
59993
59998
59999
60000
60006
60007
60010
60013
60014
60020
60021
60027
60028
60034
60035
60041
60042
60048
60049
60055
60056
60060
60062
60063
60069
60070
60076
60077
60083
60084
60090
60091
60097
60098
60104
60105
60111
60112
60118
60119
60125
60126
60132
60133
60139
60140
60146
60147
60149
60153
60154
60160
60161
60167
60168
60174
60175
60181
60182
60184
60188
60189
60195
60196
60202
60203
60205
60209
60210
60216
60217
60218
60223
60224
60230
60231
60237
60238
60244
60245
60251
60252
60258
60259
60265
60266
60272
60273
60279
60280
60286
60287
60293
60294
60300
60301
60307
60308
60309
60310
60314
60315
60321
60322
60328
60329
60335
60336
60342
60343
60349
60350
60355
60356
60357
60363
60364
60370
60371
60375
60377
60378
60384
60385
60391
60392
60398
60399
60405
60406
60412
60413
60417
60419
60420
60426
60427
60433
60434
60440
60441
60447
60448
60454
60455
60461
60462
60468
60469
60475
60476
60482
60483
60489
60490
60496
60497
60503
60504
60510
60511
60514
60517
60518
60524
60525
60531
60532
60538
60539
60545
60546
60549
60552
60553
60559
60560
60566
60567
60570
60573
60574
60580
60581
60583
60587
60588
60594
60595
60601
60602
60608
60609
60615
60616
60622
60623
60629
60630
60636
60637
60643
60644
60650
60651
60657
60658
60664
60665
60671
60672
60678
60679
60685
60686
60692
60693
60694
60695
60699
60700
60706
60707
60713
60714
60720
60721
60727
60728
60734
60735
60740
60741
60742
60748
60749
60751
60755
60756
60762
60763
60769
60770
60776
60777
60783
60784
60790
60791
60797
60798
60802
60804
60805
60811
60812
60818
60819
60825
60826
60832
60833
60839
60840
60846
60847
60853
60854
60860
60861
60867
60868
60874
60875
60880
60881
60882
60888
60889
60895
60896
60902
60903
60909
60910
60915
60916
60917
60923
60924
60930
60931
60936
60937
60938
60944
60945
60949
60951
60952
60958
60959
60965
60966
60972
60973
60979
60980
60986
60987
60989
60993
60994
60996
61000
61001
61007
61008
61014
61015
61021
61022
61028
61029
61035
61036
61042
61043
61044
61045
61049
61050
61056
61057
61063
61064
61070
61071
61077
61078
61084
61085
61090
61091
61092
61098
61099
61105
61106
61112
61113
61116
61119
61120
61126
61127
61133
61134
61140
61141
61147
61148
61152
61154
61155
61161
61162
61168
61169
61175
61176
61182
61183
61189
61190
61196
61197
61203
61204
61210
61211
61217
61218
61224
61225
61231
61232
61238
61239
61245
61246
61252
61253
61259
61260
61266
61267
61273
61274
61280
61281
61287
61288
61294
61295
61301
61302
61308
61309
61314
61315
61316
61322
61323
61329
61330
61336
61337
61343
61344
61350
61351
61354
61357
61358
61361
61364
61365
61371
61372
61378
61379
61385
61386
61392
61393
61399
61400
61401
61402
61406
61407
61413
61414
61420
61421
61427
61428
61434
61435
61441
61442
61447
61448
61449
61455
61456
61462
61463
61469
61470
61471
61476
61477
61481
61483
61484
61490
61491
61497
61498
61504
61505
61509
61511
61512
61518
61519
61525
61526
61532
61533
61539
61540
61546
61547
61553
61554
61560
61561
61567
61568
61574
61575
61581
61582
61588
61589
61595
61596
61602
61603
61609
61610
61616
61617
61623
61624
61630
61631
61637
61638
61644
61645
61651
61652
61658
61659
61665
61666
61672
61673
61679
61680
61686
61687
61693
61694
61700
61701
61707
61708
61714
61715
61719
61721
61722
61726
61728
61729
61735
61736
61742
61743
61749
61750
61756
61757
61763
61764
61770
61771
61777
61778
61784
61785
61786
61787
61791
61792
61798
61799
61805
61806
61812
61813
61819
61820
61826
61827
61832
61833
61834
61836
61840
61841
61846
61847
61848
61854
61855
61861
61862
61868
61869
61875
61876
61882
61883
61889
61890
61894
61896
61897
61903
61904
61910
61911
61917
61918
61924
61925
61931
61932
61938
61939
61945
61946
61952
61953
61959
61960
61966
61967
61973
61974
61975
61980
61981
61987
61988
61994
61995
62001
62002
62008
62009
62010
62015
62016
62022
62023
62029
62030
62031
62036
62037
62043
62044
62050
62051
62057
62058
62064
62065
62071
62072
62078
62079
62084
62085
62086
62091
62092
62093
62099
62100
62106
62107
62113
62114
62120
62121
62127
62128
62134
62135
62136
62137
62141
62142
62148
62149
62155
62156
62162
62163
62169
62170
62176
62177
62182
62183
62184
62190
62191
62197
62198
62202
62204
62205
62211
62212
62218
62219
62225
62226
62232
62233
62239
62240
62244
62246
62247
62253
62254
62260
62261
62267
62268
62274
62275
62281
62282
62288
62289
62295
62296
62302
62303
62309
62310
62316
62317
62323
62324
62330
62331
62337
62338
62341
62344
62345
62351
62352
62358
62359
62365
62366
62372
62373
62376
62379
62380
62386
62387
62393
62394
62397
62400
62401
62407
62408
62410
62414
62415
62421
62422
62428
62429
62435
62436
62442
62443
62449
62450
62456
62457
62463
62464
62470
62471
62477
62478
62484
62485
62491
62492
62493
62494
62498
62499
62505
62506
62512
62513
62519
62520
62526
62527
62533
62534
62539
62540
62541
62547
62548
62554
62555
62561
62562
62567
62568
62569
62575
62576
62577
62582
62583
62589
62590
62596
62597
62601
62603
62604
62610
62611
62617
62618
62624
62625
62631
62632
62638
62639
62645
62646
62652
62653
62659
62660
62666
62667
62673
62674
62680
62681
62687
62688
62694
62695
62701
62702
62706
62708
62709
62715
62716
62722
62723
62729
62730
62736
62737
62741
62743
62744
62750
62751
62757
62758
62762
62764
62765
62771
62772
62775
62778
62779
62785
62786
62792
62793
62799
62800
62806
62807
62813
62814
62815
62820
62821
62822
62827
62828
62834
62835
62841
62842
62848
62849
62855
62856
62862
62863
62869
62870
62876
62877
62878
62879
62883
62884
62890
62891
62897
62898
62904
62905
62911
62912
62918
62919
62924
62925
62926
62932
62933
62939
62940
62942
62946
62947
62953
62954
62960
62961
62967
62968
62974
62975
62981
62982
62986
62988
62989
62995
62996
63002
63003
63009
63010
63016
63017
63023
63024
63030
63031
63037
63038
63044
63045
63051
63052
63058
63059
63065
63066
63071
63072
63073
63079
63080
63086
63087
63093
63094
63100
63101
63106
63107
63108
63114
63115
63121
63122
63127
63128
63129
63135
63136
63140
63142
63143
63149
63150
63156
63157
63163
63164
63170
63171
63177
63178
63180
63184
63185
63187
63191
63192
63198
63199
63205
63206
63212
63213
63219
63220
63226
63227
63228
63229
63233
63234
63240
63241
63247
63248
63254
63255
63261
63262
63268
63269
63274
63275
63276
63282
63283
63289
63290
63296
63297
63303
63304
63307
63310
63311
63317
63318
63324
63325
63331
63332
63336
63338
63339
63345
63346
63352
63353
63359
63360
63366
63367
63373
63374
63380
63381
63387
63388
63394
63395
63401
63402
63408
63409
63415
63416
63422
63423
63429
63430
63436
63437
63443
63444
63450
63451
63457
63458
63464
63465
63471
63472
63478
63479
63485
63486
63492
63493
63499
63500
63505
63506
63507
63513
63514
63520
63521
63527
63528
63534
63535
63541
63542
63545
63548
63549
63552
63555
63556
63562
63563
63569
63570
63576
63577
63583
63584
63590
63591
63597
63598
63604
63605
63611
63612
63613
63614
63618
63619
63625
63626
63632
63633
63639
63640
63646
63647
63653
63654
63659
63660
63661
63663
63667
63668
63673
63674
63675
63681
63682
63688
63689
63695
63696
63702
63703
63709
63710
63716
63717
63721
63723
63724
63730
63731
63737
63738
63744
63745
63751
63752
63758
63759
63765
63766
63772
63773
63779
63780
63786
63787
63793
63794
63800
63801
63802
63807
63808
63814
63815
63821
63822
63828
63829
63835
63836
63837
63842
63843
63849
63850
63856
63857
63858
63863
63864
63870
63871
63877
63878
63884
63885
63891
63892
63898
63899
63905
63906
63911
63912
63913
63918
63919
63920
63926
63927
63933
63934
63940
63941
63947
63948
63954
63955
63961
63962
63968
63969
63970
63971
63975
63976
63982
63983
63989
63990
63996
63997
64003
64004
64010
64011
64016
64017
64018
64024
64025
64028
64031
64032
64038
64039
64045
64046
64052
64053
64059
64060
64066
64067
64073
64074
64078
64080
64081
64087
64088
64094
64095
64101
64102
64108
64109
64115
64116
64122
64123
64129
64130
64136
64137
64143
64144
64150
64151
64157
64158
64164
64165
64167
64171
64172
64178
64179
64185
64186
64192
64193
64199
64200
64202
64206
64207
64213
64214
64220
64221
64223
64227
64228
64234
64235
64236
64241
64242
64248
64249
64255
64256
64262
64263
64269
64270
64276
64277
64283
64284
64290
64291
64297
64298
64304
64305
64311
64312
64318
64319
64325
64326
64327
64328
64332
64333
64339
64340
64346
64347
64353
64354
64360
64361
64367
64368
64373
64374
64375
64381
64382
64388
64389
64393
64395
64396
64402
64403
64409
64410
64416
64417
64423
64424
64430
64431
64435
64437
64438
64444
64445
64451
64452
64458
64459
64465
64466
64472
64473
64479
64480
64486
64487
64493
64494
64500
64501
64507
64508
64514
64515
64521
64522
64528
64529
64532
64535
64536
64542
64543
64549
64550
64556
64557
64563
64564
64567
64570
64571
64577
64578
64584
64585
64588
64591
64592
64598
64599
64601
64605
64606
64612
64613
64619
64620
64626
64627
64633
64634
64640
64641
64647
64648
64654
64655
64661
64662
64668
64669
64675
64676
64682
64683
64689
64690
64696
64697
64703
64704
64705
64706
64710
64711
64717
64718
64724
64725
64731
64732
64738
64739
64745
64746
64751
64752
64753
64758
64759
64760
64766
64767
64768
64773
64774
64780
64781
64787
64788
64794
64795
64801
64802
64808
64809
64813
64815
64816
64822
64823
64829
64830
64836
64837
64843
64844
64850
64851
64857
64858
64864
64865
64871
64872
64878
64879
64885
64886
64892
64893
64897
64899
64900
64906
64907
64913
64914
64920
64921
64927
64928
64932
64934
64935
64941
64942
64948
64949
64953
64955
64956
64962
64963
64966
64969
64970
64976
64977
64983
64984
64990
64991
64997
64998
65004
65005
65006
65011
65012
65013
65018
65019
65025
65026
65032
65033
65039
65040
65046
65047
65053
65054
65060
65061
65062
65063
65067
65068
65074
65075
65081
65082
65088
65089
65095
65096
65102
65103
65108
65109
65110
65116
65117
65123
65124
65130
65131
65134
65137
65138
65144
65145
65151
65152
65158
65159
65165
65166
65170
65172
65173
65179
65180
65186
65187
65193
65194
65200
65201
65207
65208
65214
65215
65221
65222
65228
65229
65235
65236
65242
65243
65249
65250
65256
65257
65263
65264
65270
65271
65277
65278
65284
65285
65291
65292
65298
65299
65305
65306
65312
65313
65319
65320
65326
65327
65332
65333
65334
65340
65341
65347
65348
65354
65355
65361
65362
65368
65369
65372
65375
65376
65379
65382
65383
65389
65390
65396
65397
65403
65404
65410
65411
65417
65418
65419
65420
65424
65425
65431
65432
65438
65439
65445
65446
65452
65453
65459
65460
65465
65466
65467
65473
65474
65480
65481
65487
65488
65489
65494
65495
65499
65501
65502
65508
65509
65515
65516
65522
65523
65527
65529
65530
65536
65537
65543
65544
65550
65551
65557
65558
65564
65565
65571
65572
65578
65579
65585
65586
65592
65593
65599
65600
65606
65607
65613
65614
65620
65621
65627
65628
65634
65635
65641
65642
65648
65649
65655
65656
65662
65663
65669
65670
65676
65677
65683
65684
65690
65691
65697
65698
65704
65705
65711
65712
65718
65719
65725
65726
65732
65733
65737
65739
65740
65744
65746
65747
65753
65754
65760
65761
65767
65768
65774
65775
65781
65782
65788
65789
65795
65796
65797
65798
65802
65803
65809
65810
65816
65817
65823
65824
65830
65831
65837
65838
65843
65844
65845
65851
65852
65854
65858
65859
65864
65865
65866
65872
65873
65879
65880
65886
65887
65893
65894
65900
65901
65905
65907
65908
65914
65915
65921
65922
65928
65929
65935
65936
65942
65943
65949
65950
65956
65957
65963
65964
65970
65971
65977
65978
65984
65985
65991
65992
65993
65998
65999
66005
66006
66012
66013
66019
66020
66026
66027
66028
66033
66034
66040
66041
66047
66048
66049
66054
66055
66061
66062
66068
66069
66075
66076
66082
66083
66089
66090
66096
66097
66102
66103
66104
66109
66110
66111
66117
66118
66124
66125
66131
66132
66138
66139
66145
66146
66152
66153
66154
66155
66159
66160
66166
66167
66173
66174
66180
66181
66187
66188
66194
66195
66200
66201
66202
66208
66209
66215
66216
66219
66222
66223
66229
66230
66236
66237
66243
66244
66250
66251
66257
66258
66262
66264
66265
66271
66272
66278
66279
66285
66286
66292
66293
66299
66300
66306
66307
66313
66314
66320
66321
66327
66328
66334
66335
66341
66342
66348
66349
66355
66356
66358
66362
66363
66369
66370
66376
66377
66383
66384
66390
66391
66393
66397
66398
66404
66405
66411
66412
66414
66418
66419
66425
66426
66427
66432
66433
66439
66440
66446
66447
66453
66454
66460
66461
66467
66468
66474
66475
66481
66482
66488
66489
66495
66496
66502
66503
66509
66510
66516
66517
66523
66524
66530
66531
66537
66538
66539
66540
66544
66545
66551
66552
66558
66559
66565
66566
66572
66573
66579
66580
66585
66585
66586
66587
66593
66594
66595
66600
66601
66607
66608
66614
66615
66621
66622
66628
66629
66635
66636
66642
66643
66647
66649
66650
66656
66657
66663
66664
66670
66671
66677
66678
66684
66685
66691
66692
66698
66699
66705
66706
66712
66713
66719
66720
66724
66726
66727
66733
66734
66740
66741
66747
66748
66754
66755
66759
66761
66762
66768
66769
66775
66776
66780
66782
66783
66789
66790
66793
66796
66797
66803
66804
66810
66811
66817
66818
66824
66825
66831
66832
66833
66838
66839
66840
66845
66846
66852
66853
66859
66860
66866
66867
66873
66874
66880
66881
66887
66888
66894
66895
66896
66897
66901
66902
66908
66909
66915
66916
66922
66923
66929
66930
66936
66937
66942
66943
66944
66950
66951
66957
66958
66960
66964
66965
66971
66972
66978
66979
66985
66986
66992
66993
66999
67000
67004
67006
67007
67013
67014
67020
67021
67027
67028
67034
67035
67041
67042
67048
67049
67055
67056
67062
67063
67069
67070
67076
67077
67083
67084
67089
67090
67091
67097
67098
67104
67105
67111
67112
67118
67119
67124
67125
67126
67132
67133
67139
67140
67145
67146
67147
67153
67154
67158
67160
67161
67167
67168
67174
67175
67181
67182
67188
67189
67195
67196
67198
67202
67203
67205
67209
67210
67216
67217
67223
67224
67230
67231
67237
67238
67244
67245
67246
67247
67251
67252
67258
67259
67265
67266
67272
67273
67279
67280
67286
67287
67292
67293
67294
67300
67301
67307
67308
67314
67315
67321
67322
67325
67328
67329
67335
67336
67342
67343
67349
67350
67354
67356
67357
67363
67364
67370
67371
67377
67378
67384
67385
67391
67392
67398
67399
67405
67406
67412
67413
67419
67420
67426
67427
67433
67434
67440
67441
67447
67448
67454
67455
67461
67462
67468
67469
67475
67476
67482
67483
67489
67490
67496
67497
67503
67504
67510
67511
67517
67518
67523
67524
67525
67531
67532
67538
67539
67545
67546
67552
67553
67559
67560
67563
67566
67567
67570
67573
67574
67580
67581
67587
67588
67594
67595
67601
67602
67608
67609
67615
67616
67622
67623
67629
67630
67631
67632
67636
67637
67643
67644
67650
67651
67657
67658
67664
67665
67671
67672
67677
67678
67679
67680
67685
67686
67690
67692
67693
67699
67700
67706
67707
67713
67714
67720
67721
67727
67728
67734
67735
67739
67741
67742
67748
67749
67755
67756
67762
67763
67769
67770
67776
67777
67783
67784
67790
67791
67797
67798
67804
67805
67811
67812
67818
67819
67825
67826
67832
67833
67839
67840
67846
67847
67853
67854
67860
67861
67867
67868
67874
67875
67881
67882
67888
67889
67895
67896
67902
67903
67909
67910
67916
67917
67923
67924
67928
67930
67931
67935
67937
67938
67944
67945
67951
67952
67958
67959
67965
67966
67972
67973
67979
67980
67986
67987
67988
67989
67993
67994
68000
68001
68007
68008
68014
68015
68021
68022
68028
68029
68034
68035
68036
68042
68043
68046
68049
68050
68056
68057
68063
68064
68070
68071
68077
68078
68084
68085
68091
68092
68096
68098
68099
68105
68106
68112
68113
68119
68120
68126
68127
68133
68134
68140
68141
68147
68148
68154
68155
68161
68162
68168
68169
68175
68176
68182
68183
68185
68189
68190
68196
68197
68203
68204
68210
68211
68217
68218
68220
68224
68225
68231
68232
68238
68239
68241
68245
68246
68252
68253
68254
68259
68260
68266
68267
68273
68274
68280
68281
68287
68288
68294
68295
68301
68302
68308
68309
68315
68316
68322
68323
68329
68330
68336
68337
68338
68339
68343
68344
68350
68351
68357
68358
68364
68365
68371
68372
68378
68379
68384
68385
68386
68392
68393
68399
68400
68406
68407
68411
68413
68414
68420
68421
68427
68428
68434
68435
68441
68442
68446
68448
68449
68455
68456
68462
68463
68469
68470
68476
68477
68483
68484
68490
68491
68497
68498
68504
68505
68511
68512
68518
68519
68525
68526
68532
68533
68539
68540
68546
68547
68550
68553
68554
68560
68561
68567
68568
68574
68575
68581
68582
68585
68588
68589
68595
68596
68602
68603
68606
68609
68610
68616
68617
68619
68623
68624
68630
68631
68637
68638
68644
68645
68651
68652
68658
68659
68665
68666
68672
68673
68679
68680
68686
68687
68693
68694
68700
68701
68707
68708
68714
68715
68721
68722
68723
68724
68728
68729
68735
68736
68742
68743
68749
68750
68756
68757
68763
68764
68769
68770
68771
68776
68777
68778
68784
68785
68786
68791
68792
68798
68799
68805
68806
68812
68813
68819
68820
68826
68827
68831
68833
68834
68840
68841
68847
68848
68854
68855
68861
68862
68868
68869
68875
68876
68882
68883
68889
68890
68896
68897
68903
68904
68910
68911
68915
68917
68918
68924
68925
68931
68932
68938
68939
68945
68946
68950
68952
68953
68959
68960
68966
68967
68971
68973
68974
68980
68981
68984
68987
68988
68994
68995
69001
69002
69008
69009
69015
69016
69022
69023
69024
69029
69030
69031
69036
69037
69043
69044
69050
69051
69057
69058
69064
69065
69071
69072
69078
69079
69080
69081
69085
69086
69092
69093
69099
69100
69106
69107
69113
69114
69120
69121
69126
69127
69128
69134
69135
69141
69142
69148
69149
69151
69155
69156
69162
69163
69169
69170
69176
69177
69183
69184
69188
69190
69191
69197
69198
69204
69205
69211
69212
69218
69219
69225
69226
69232
69233
69239
69240
69246
69247
69253
69254
69260
69261
69267
69268
69274
69275
69280
69281
69282
69288
69289
69295
69296
69302
69303
69309
69310
69315
69316
69317
69323
69324
69330
69331
69336
69337
69338
69344
69345
69349
69351
69352
69358
69359
69365
69366
69372
69373
69379
69380
69386
69387
69389
69393
69394
69396
69400
69401
69407
69408
69414
69415
69421
69422
69428
69429
69430
69431
69435
69436
69442
69443
69449
69450
69456
69457
69463
69464
69470
69471
69476
69477
69478
69484
69485
69491
69492
69498
69499
69505
69506
69507
69512
69513
69517
69519
69520
69526
69527
69533
69534
69538
69540
69541
69547
69548
69554
69555
69561
69562
69568
69569
69575
69576
69582
69583
69589
69590
69596
69597
69603
69604
69610
69611
69617
69618
69624
69625
69631
69632
69638
69639
69645
69646
69652
69653
69659
69660
69666
69667
69673
69674
69680
69681
69687
69688
69694
69695
69701
69702
69708
69709
69715
69716
69722
69723
69729
69730
69736
69737
69743
69744
69750
69751
69755
69757
69758
69762
69764
69765
69771
69772
69778
69779
69785
69786
69792
69793
69799
69800
69806
69807
69813
69814
69815
69816
69820
69821
69827
69828
69834
69835
69841
69842
69848
69849
69855
69856
69861
69862
69863
69869
69870
69872
69876
69877
69882
69883
69884
69890
69891
69897
69898
69904
69905
69911
69912
69918
69919
69923
69925
69926
69932
69933
69939
69940
69946
69947
69953
69954
69960
69961
69967
69968
69974
69975
69981
69982
69988
69989
69995
69996
70002
70003
70009
70010
70011
70016
70017
70023
70024
70030
70031
70037
70038
70044
70045
70046
70051
70052
70058
70059
70065
70066
70067
70072
70073
70079
70080
70086
70087
70093
70094
70100
70101
70107
70108
70114
70115
70120
70121
70122
70127
70128
70129
70135
70136
70142
70143
70149
70150
70156
70157
70163
70164
70170
70171
70172
70173
70177
70178
70184
70185
70191
70192
70198
70199
70205
70206
70212
70213
70218
70219
70220
70226
70227
70233
70234
70237
70240
70241
70247
70248
70254
70255
70261
70262
70268
70269
70275
70276
70280
70282
70283
70289
70290
70296
70297
70303
70304
70310
70311
70317
70318
70324
70325
70331
70332
70338
70339
70345
70346
70352
70353
70359
70360
70366
70367
70373
70374
70376
70380
70381
70387
70388
70394
70395
70401
70402
70408
70409
70411
70415
70416
70422
70423
70429
70430
70432
70436
70437
70443
70444
70445
70450
70451
70457
70458
70464
70465
70471
70472
70478
70479
70485
70486
70492
70493
70499
70500
70506
70507
70513
70514
70520
70521
70527
70528
70534
70535
70541
70542
70548
70549
70555
70556
70557
70558
70562
70563
70569
70570
70576
70577
70583
70584
70590
70591
70597
70598
70602
70603
70604
70605
70611
70612
70618
70619
70625
70626
70632
70633
70639
70640
70646
70647
70653
70654
70660
70661
70665
70667
70668
70674
70675
70681
70682
70688
70689
70695
70696
70702
70703
70709
70710
70716
70717
70723
70724
70730
70731
70737
70738
70741
70744
70745
70751
70752
70758
70759
70765
70766
70772
70773
70776
70779
70780
70786
70787
70793
70794
70797
70800
70801
70807
70808
70810
70814
70815
70821
70822
70828
70829
70835
70836
70842
70843
70849
70850
70856
70857
70863
70864
70870
70871
70877
70878
70884
70885
70891
70892
70898
70899
70905
70906
70907
70908
70912
70913
70919
70920
70926
70927
70933
70934
70940
70941
70947
70948
70953
70954
70955
70961
70962
70968
70969
70975
70976
70978
70982
70983
70989
70990
70996
70997
71003
71004
71010
71011
71015
71017
71018
71024
71025
71031
71032
71038
71039
71045
71046
71052
71053
71059
71060
71066
71067
71073
71074
71080
71081
71087
71088
71094
71095
71101
71102
71107
71108
71109
71115
71116
71122
71123
71129
71130
71136
71137
71142
71143
71144
71150
71151
71157
71158
71163
71164
71165
71171
71172
71176
71178
71179
71185
71186
71192
71193
71199
71200
71206
71207
71213
71214
71216
71220
71221
71223
71227
71228
71234
71235
71241
71242
71248
71249
71255
71256
71262
71263
71264
71265
71269
71270
71276
71277
71283
71284
71290
71291
71297
71298
71304
71305
71310
71311
71312
71318
71319
71325
71326
71332
71333
71339
71340
71343
71346
71347
71353
71354
71360
71361
71367
71368
71372
71374
71375
71381
71382
71388
71389
71395
71396
71402
71403
71409
71410
71416
71417
71423
71424
71430
71431
71437
71438
71444
71445
71451
71452
71458
71459
71465
71466
71472
71473
71479
71480
71486
71487
71493
71494
71500
71501
71507
71508
71514
71515
71521
71522
71528
71529
71535
71536
71541
71542
71543
71549
71550
71556
71557
71563
71564
71570
71571
71577
71578
71581
71584
71585
71588
71591
71592
71598
71599
71605
71606
71612
71613
71619
71620
71626
71627
71633
71634
71640
71641
71647
71648
71649
71650
71654
71655
71661
71662
71668
71669
71675
71676
71682
71683
71689
71690
71695
71696
71697
71698
71703
71704
71708
71710
71711
71717
71718
71724
71725
71731
71732
71738
71739
71745
71746
71752
71753
71757
71759
71760
71766
71767
71773
71774
71780
71781
71787
71788
71794
71795
71801
71802
71808
71809
71815
71816
71822
71823
71829
71830
71836
71837
71843
71844
71850
71851
71857
71858
71864
71865
71871
71872
71878
71879
71885
71886
71892
71893
71899
71900
71906
71907
71913
71914
71920
71921
71927
71928
71934
71935
71941
71942
71946
71948
71949
71953
71955
71956
71962
71963
71969
71970
71976
71977
71983
71984
71990
71991
71997
71998
71999
72000
72004
72005
72011
72012
72018
72019
72025
72026
72032
72033
72039
72040
72045
72046
72047
72053
72054
72060
72061
72063
72067
72068
72073
72074
72075
72081
72082
72088
72089
72095
72096
72102
72103
72107
72109
72110
72116
72117
72123
72124
72130
72131
72137
72138
72144
72145
72151
72152
72158
72159
72165
72166
72172
72173
72179
72180
72186
72187
72193
72194
72200
72201
72202
72207
72208
72214
72215
72221
72222
72228
72229
72235
72236
72237
72242
72243
72249
72250
72256
72257
72258
72263
72264
72270
72271
72277
72278
72284
72285
72291
72292
72298
72299
72305
72306
72311
72312
72313
72318
72319
72320
72326
72327
72333
72334
72340
72341
72347
72348
72354
72355
72356
72357
72361
72362
72368
72369
72375
72376
72382
72383
72389
72390
72396
72397
72402
72403
72404
72410
72411
72417
72418
72424
72425
72429
72431
72432
72438
72439
72445
72446
72452
72453
72459
72460
72464
72466
72467
72473
72474
72480
72481
72487
72488
72494
72495
72501
72502
72508
72509
72515
72516
72522
72523
72529
72530
72536
72537
72543
72544
72550
72551
72557
72558
72564
72565
72568
72571
72572
72578
72579
72585
72586
72592
72593
72599
72600
72603
72606
72607
72613
72614
72620
72621
72624
72627
72628
72634
72635
72637
72641
72642
72648
72649
72655
72656
72662
72663
72669
72670
72676
72677
72683
72684
72690
72691
72697
72698
72704
72705
72711
72712
72718
72719
72725
72726
72732
72733
72739
72740
72741
72742
72746
72747
72753
72754
72760
72761
72767
72768
72774
72775
72781
72782
72787
72788
72789
72794
72795
72796
72802
72803
72804
72809
72810
72816
72817
72823
72824
72830
72831
72837
72838
72844
72845
72849
72851
72852
72858
72859
72865
72866
72872
72873
72879
72880
72886
72887
72893
72894
72900
72901
72907
72908
72914
72915
72921
72922
72928
72929
72933
72935
72936
72942
72943
72949
72950
72956
72957
72963
72964
72968
72970
72971
72977
72978
72984
72985
72989
72991
72992
72998
72999
73002
73005
73006
73012
73013
73019
73020
73026
73027
73033
73034
73040
73041
73042
73047
73048
73049
73054
73055
73061
73062
73068
73069
73075
73076
73082
73083
73089
73090
73091
73092
73096
73097
73103
73104
73110
73111
73117
73118
73124
73125
73131
73132
73137
73138
73139
73145
73146
73152
73153
73159
73160
73166
73167
73169
73173
73174
73180
73181
73187
73188
73194
73195
73199
73201
73202
73208
73209
73215
73216
73222
73223
73229
73230
73236
73237
73243
73244
73250
73251
73257
73258
73264
73265
73271
73272
73278
73279
73285
73286
73292
73293
73298
73299
73300
73306
73307
73313
73314
73320
73321
73327
73328
73333
73334
73335
73341
73342
73348
73349
73354
73355
73356
73362
73363
73367
73369
73370
73376
73377
73383
73384
73390
73391
73397
73398
73404
73405
73407
73411
73412
73414
73418
73419
73425
73426
73432
73433
73439
73440
73446
73447
73453
73454
73460
73461
73467
73468
73474
73475
73476
73477
73481
73482
73488
73489
73495
73496
73502
73503
73509
73510
73516
73517
73522
73523
73524
73530
73531
73534
73537
73538
73544
73545
73551
73552
73558
73559
73565
73566
73572
73573
73579
73580
73584
73586
73587
73593
73594
73600
73601
73607
73608
73614
73615
73621
73622
73628
73629
73635
73636
73642
73643
73649
73650
73656
73657
73663
73664
73670
73671
73677
73678
73684
73685
73691
73692
73698
73699
73705
73706
73712
73713
73719
73720
73726
73727
73732
73733
73734
73740
73741
73747
73748
73754
73755
73761
73762
73768
73769
73772
73775
73776
73779
73782
73783
73789
73790
73796
73797
73803
73804
73810
73811
73817
73818
73824
73825
73831
73832
73833
73834
73838
73839
73845
73846
73852
73853
73859
73860
73866
73867
73873
73874
73879
73880
73881
73887
73888
73890
73894
73895
73900
73901
73902
73908
73909
73915
73916
73922
73923
73929
73930
73936
73937
73941
73943
73944
73950
73951
73957
73958
73964
73965
73971
73972
73978
73979
73985
73986
73992
73993
73999
74000
74006
74007
74013
74014
74020
74021
74027
74028
74029
74034
74035
74041
74042
74048
74049
74055
74056
74062
74063
74064
74069
74070
74076
74077
74083
74084
74085
74090
74091
74097
74098
74104
74105
74111
74112
74118
74119
74125
74126
74132
74133
74138
74139
74140
74145
74146
74147
74153
74154
74160
74161
74167
74168
74174
74175
74181
74182
74188
74189
74190
74191
74195
74196
74202
74203
74209
74210
74216
74217
74223
74224
74230
74231
74236
74237
74238
74244
74245
74251
74252
74255
74258
74259
74265
74266
74272
74273
74279
74280
74286
74287
74293
74294
74298
74300
74301
74307
74308
74314
74315
74321
74322
74328
74329
74335
74336
74342
74343
74349
74350
74356
74357
74363
74364
74370
74371
74377
74378
74384
74385
74391
74392
74394
74398
74399
74405
74406
74412
74413
74419
74420
74426
74427
74429
74433
74434
74440
74441
74447
74448
74450
74454
74455
74461
74462
74463
74468
74469
74475
74476
74482
74483
74489
74490
74496
74497
74503
74504
74510
74511
74517
74518
74524
74525
74531
74532
74538
74539
74545
74546
74552
74553
74559
74560
74566
74567
74568
74569
74573
74574
74580
74581
74587
74588
74594
74595
74601
74602
74608
74609
74614
74615
74616
74620
74622
74623
74629
74630
74636
74637
74643
74644
74650
74651
74657
74658
74664
74665
74671
74672
74676
74678
74679
74685
74686
74692
74693
74699
74700
74706
74707
74713
74714
74720
74721
74727
74728
74734
74735
74741
74742
74748
74749
74755
74756
74759
74762
74763
74769
74770
74776
74777
74783
74784
74790
74791
74794
74797
74798
74804
74805
74811
74812
74815
74818
74819
74825
74826
74828
74832
74833
74839
74840
74846
74847
74853
74854
74860
74861
74867
74868
74874
74875
74881
74882
74888
74889
74895
74896
74902
74903
74909
74910
74916
74917
74923
74924
74925
74926
74930
74931
74937
74938
74944
74945
74951
74952
74958
74959
74965
74966
74971
74972
74973
74979
74980
74985
74986
74987
74993
74994
74995
75000
75001
75007
75008
75014
75015
75021
75022
75028
75029
75033
75035
75036
75042
75043
75049
75050
75056
75057
75063
75064
75070
75071
75077
75078
75084
75085
75091
75092
75098
75099
75105
75106
75112
75113
75119
75120
75124
75126
75127
75133
75134
75140
75141
75147
75148
75154
75155
75159
75161
75162
75168
75169
75175
75176
75180
75182
75183
75189
75190
75193
75196
75197
75203
75204
75210
75211
75217
75218
75224
75225
75231
75232
75233
75238
75239
75240
75245
75246
75252
75253
75259
75260
75266
75267
75273
75274
75280
75281
75282
75283
75287
75288
75294
75295
75301
75302
75308
75309
75315
75316
75322
75323
75328
75329
75330
75336
75337
75343
75344
75350
75351
75357
75358
75361
75364
75365
75371
75372
75378
75379
75385
75386
75390
75392
75393
75399
75400
75406
75407
75413
75414
75420
75421
75427
75428
75434
75435
75441
75442
75448
75449
75455
75456
75462
75463
75469
75470
75476
75477
75483
75484
75490
75491
75497
75498
75504
75505
75511
75512
75518
75519
75525
75526
75532
75533
75539
75540
75546
75547
75553
75554
75559
75560
75561
75567
75568
75574
75575
75581
75582
75588
75589
75595
75596
75599
75602
75603
75606
75609
75610
75616
75617
75623
75624
75630
75631
75637
75638
75644
75645
75651
75652
75658
75659
75665
75666
75667
75668
75672
75673
75679
75680
75686
75687
75693
75694
75700
75701
75707
75708
75713
75714
75715
75716
75721
75722
75726
75728
75729
75735
75736
75742
75743
75749
75750
75756
75757
75763
75764
75770
75771
75775
75777
75778
75784
75785
75791
75792
75798
75799
75805
75806
75812
75813
75819
75820
75826
75827
75833
75834
75840
75841
75847
75848
75854
75855
75861
75862
75868
75869
75875
75876
75882
75883
75889
75890
75896
75897
75903
75904
75910
75911
75917
75918
75924
75925
75931
75932
75938
75939
75945
75946
75952
75953
75959
75960
75964
75966
75967
75971
75973
75974
75980
75981
75987
75988
75994
75995
76001
76002
76008
76009
76015
76016
76017
76018
76022
76023
76029
76030
76036
76037
76043
76044
76050
76051
76057
76058
76063
76064
76065
76071
76072
76078
76079
76081
76085
76086
76091
76092
76093
76099
76100
76106
76107
76113
76114
76120
76121
76125
76127
76128
76134
76135
76141
76142
76148
76149
76155
76156
76162
76163
76169
76170
76176
76177
76183
76184
76190
76191
76197
76198
76204
76205
76211
76212
76218
76219
76220
76225
76226
76232
76233
76239
76240
76246
76247
76253
76254
76255
76260
76261
76267
76268
76274
76275
76276
76281
76282
76288
76289
76295
76296
76302
76303
76309
76310
76316
76317
76323
76324
76329
76330
76331
76336
76337
76338
76344
76345
76351
76352
76358
76359
76365
76366
76372
76373
76374
76375
76379
76380
76386
76387
76393
76394
76400
76401
76407
76408
76414
76415
76420
76421
76422
76428
76429
76435
76436
76442
76443
76446
76449
76450
76456
76457
76463
76464
76470
76471
76477
76478
76482
76484
76485
76491
76492
76498
76499
76505
76506
76512
76513
76519
76520
76526
76527
76533
76534
76540
76541
76547
76548
76554
76555
76561
76562
76568
76569
76575
76576
76582
76583
76585
76589
76590
76596
76597
76603
76604
76610
76611
76617
76618
76620
76624
76625
76631
76632
76638
76639
76641
76645
76646
76652
76653
76654
76659
76660
76666
76667
76673
76674
76680
76681
76687
76688
76694
76695
76701
76702
76708
76709
76715
76716
76722
76723
76729
76730
76736
76737
76743
76744
76750
76751
76757
76758
76759
76760
76764
76765
76771
76772
76778
76779
76785
76786
76792
76793
76799
76800
76805
76806
76807
76812
76813
76814
76820
76821
76822
76827
76828
76834
76835
76841
76842
76848
76849
76855
76856
76862
76863
76867
76869
76870
76876
76877
76883
76884
76890
76891
76897
76898
76904
76905
76911
76912
76918
76919
76925
76926
76932
76933
76939
76940
76946
76947
76951
76953
76954
76960
76961
76967
76968
76974
76975
76981
76982
76986
76988
76989
76995
76996
77002
77003
77007
77009
77010
77016
77017
77020
77023
77024
77030
77031
77037
77038
77044
77045
77051
77052
77058
77059
77060
77065
77066
77067
77072
77073
77079
77080
77086
77087
77093
77094
77100
77101
77107
77108
77109
77110
77114
77115
77121
77122
77128
77129
77135
77136
77142
77143
77149
77150
77155
77156
77157
77163
77164
77170
77171
77177
77178
77184
77185
77187
77191
77192
77198
77199
77205
77206
77212
77213
77217
77219
77220
77226
77227
77233
77234
77240
77241
77247
77248
77254
77255
77261
77262
77268
77269
77275
77276
77282
77283
77289
77290
77296
77297
77303
77304
77310
77311
77316
77317
77318
77324
77325
77331
77332
77338
77339
77345
77346
77351
77352
77353
77359
77360
77366
77367
77372
77373
77374
77380
77381
77385
77387
77388
77394
77395
77401
77402
77408
77409
77415
77416
77422
77423
77425
77429
77430
77432
77436
77437
77443
77444
77450
77451
77457
77458
77464
77465
77471
77472
77478
77479
77485
77486
77492
77493
77494
77495
77499
77500
77506
77507
77513
77514
77520
77521
77527
77528
77534
77535
77540
77541
77542
77548
77549
77552
77555
77556
77562
77563
77569
77570
77576
77577
77583
77584
77590
77591
77597
77598
77602
77604
77605
77611
77612
77618
77619
77625
77626
77632
77633
77639
77640
77646
77647
77653
77654
77660
77661
77667
77668
77674
77675
77681
77682
77688
77689
77695
77696
77702
77703
77709
77710
77716
77717
77723
77724
77730
77731
77737
77738
77744
77745
77750
77751
77752
77758
77759
77765
77766
77772
77773
77779
77780
77786
77787
77790
77793
77794
77797
77800
77801
77807
77808
77814
77815
77821
77822
77828
77829
77835
77836
77842
77843
77849
77850
77851
77852
77856
77857
77863
77864
77870
77871
77877
77878
77884
77885
77891
77892
77897
77898
77899
77905
77906
77907
77912
77913
77917
77919
77920
77926
77927
77933
77934
77940
77941
77947
77948
77954
77955
77959
77961
77962
77968
77969
77975
77976
77982
77983
77989
77990
77996
77997
78003
78004
78010
78011
78017
78018
78024
78025
78031
78032
78038
78039
78045
78046
78052
78053
78059
78060
78066
78067
78073
78074
78080
78081
78087
78088
78094
78095
78101
78102
78108
78109
78115
78116
78122
78123
78129
78130
78136
78137
78143
78144
78150
78151
78155
78157
78158
78162
78164
78165
78171
78172
78178
78179
78185
78186
78192
78193
78199
78200
78201
78202
78206
78207
78213
78214
78220
78221
78227
78228
78234
78235
78241
78242
78247
78248
78249
78255
78256
78262
78263
78269
78270
78273
78276
78277
78283
78284
78290
78291
78297
78298
78304
78305
78309
78311
78312
78318
78319
78325
78326
78332
78333
78339
78340
78346
78347
78353
78354
78360
78361
78367
78368
78374
78375
78381
78382
78388
78389
78395
78396
78402
78403
78409
78410
78412
78416
78417
78423
78424
78430
78431
78437
78438
78444
78445
78447
78451
78452
78458
78459
78465
78466
78468
78472
78473
78479
78480
78481
78486
78487
78493
78494
78500
78501
78507
78508
78514
78515
78521
78522
78528
78529
78535
78536
78542
78543
78549
78550
78556
78557
78563
78564
78570
78571
78577
78578
78584
78585
78586
78587
78591
78592
78598
78599
78605
78606
78612
78613
78619
78620
78626
78627
78632
78633
78634
78638
78640
78641
78647
78648
78654
78655
78661
78662
78668
78669
78675
78676
78682
78683
78689
78690
78694
78696
78697
78703
78704
78710
78711
78717
78718
78724
78725
78731
78732
78738
78739
78745
78746
78752
78753
78759
78760
78766
78767
78773
78774
78777
78780
78781
78787
78788
78794
78795
78801
78802
78808
78809
78812
78815
78816
78822
78823
78829
78830
78833
78836
78837
78843
78844
78846
78850
78851
78857
78858
78864
78865
78871
78872
78878
78879
78885
78886
78892
78893
78899
78900
78906
78907
78913
78914
78920
78921
78927
78928
78934
78935
78941
78942
78943
78944
78948
78949
78955
78956
78962
78963
78969
78970
78976
78977
78983
78984
78989
78990
78991
78997
78998
79003
79004
79005
79011
79012
79013
79018
79019
79025
79026
79032
79033
79039
79040
79046
79047
79051
79053
79054
79060
79061
79067
79068
79074
79075
79081
79082
79088
79089
79095
79096
79102
79103
79109
79110
79116
79117
79123
79124
79130
79131
79137
79138
79142
79144
79145
79151
79152
79158
79159
79165
79166
79172
79173
79177
79179
79180
79186
79187
79193
79194
79198
79200
79201
79207
79208
79211
79214
79215
79221
79222
79228
79229
79235
79236
79242
79243
79249
79250
79251
79256
79257
79258
79263
79264
79270
79271
79277
79278
79284
79285
79291
79292
79293
79294
79298
79299
79305
79306
79312
79313
79319
79320
79326
79327
79333
79334
79339
79340
79341
79347
79348
79354
79355
79361
79362
79368
79369
79375
79376
79378
79382
79383
79389
79390
79396
79397
79401
79403
79404
79410
79411
79417
79418
79424
79425
79431
79432
79438
79439
79445
79446
79452
79453
79459
79460
79466
79467
79473
79474
79480
79481
79487
79488
79494
79495
79501
79502
79507
79508
79509
79515
79516
79522
79523
79529
79530
79536
79537
79542
79543
79544
79550
79551
79557
79558
79563
79564
79565
79571
79572
79576
79578
79579
79585
79586
79592
79593
79599
79600
79606
79607
79613
79614
79616
79620
79621
79623
79627
79628
79634
79635
79641
79642
79648
79649
79655
79656
79662
79663
79669
79670
79676
79677
79678
79679
79683
79684
79690
79691
79697
79698
79704
79705
79711
79712
79718
79719
79724
79725
79726
79732
79733
79734
79739
79740
79744
79746
79747
79753
79754
79760
79761
79767
79768
79774
79775
79781
79782
79786
79788
79789
79795
79796
79802
79803
79809
79810
79816
79817
79823
79824
79830
79831
79837
79838
79844
79845
79851
79852
79858
79859
79865
79866
79872
79873
79879
79880
79886
79887
79893
79894
79900
79901
79907
79908
79914
79915
79921
79922
79928
79929
79935
79936
79942
79943
79949
79950
79956
79957
79963
79964
79970
79971
79977
79978
79982
79984
79985
79989
79991
79992
79998
79999
80005
80006
80012
80013
80019
80020
80026
80027
80033
80034
80035
80036
80040
80041
80047
80048
80054
80055
80061
80062
80068
80069
80075
80076
80081
80082
80083
80089
80090
80096
80097
80099
80103
80104
80109
80110
80111
80117
80118
80124
80125
80131
80132
80138
80139
80143
80145
80146
80152
80153
80159
80160
80166
80167
80173
80174
80180
80181
80187
80188
80194
80195
80201
80202
80208
80209
80215
80216
80222
80223
80229
80230
80236
80237
80238
80243
80244
80250
80251
80257
80258
80264
80265
80271
80272
80273
80278
80279
80285
80286
80292
80293
80294
80299
80300
80306
80307
80313
80314
80320
80321
80327
80328
80334
80335
80341
80342
80347
80348
80349
80354
80355
80356
80362
80363
80369
80370
80376
80377
80383
80384
80390
80391
80397
80398
80404
80405
80411
80412
80418
80419
80420
80421
80425
80426
80432
80433
80439
80440
80446
80447
80453
80454
80460
80461
80464
80466
80467
80468
80474
80475
80481
80482
80488
80489
80495
80496
80502
80503
80509
80510
80516
80517
80523
80524
80528
80530
80531
80537
80538
80544
80545
80551
80552
80558
80559
80565
80566
80572
80573
80579
80580
80586
80587
80593
80594
80600
80601
80603
80607
80608
80614
80615
80621
80622
80628
80629
80635
80636
80638
80642
80643
80649
80650
80656
80657
80659
80663
80664
80670
80671
80672
80677
80678
80684
80685
80691
80692
80698
80699
80705
80706
80712
80713
80719
80720
80726
80727
80733
80734
80740
80741
80747
80748
80754
80755
80761
80762
80768
80769
80770
80771
80775
80776
80782
80783
80789
80790
80796
80797
80803
80804
80810
80811
80816
80817
80818
80824
80825
80829
80831
80832
80838
80839
80845
80846
80852
80853
80859
80860
80866
80867
80873
80874
80878
80880
80881
80887
80888
80894
80895
80901
80902
80908
80909
80915
80916
80922
80923
80929
80930
80936
80937
80943
80944
80950
80951
80957
80958
80964
80965
80968
80971
80972
80978
80979
80985
80986
80992
80993
80999
81000
81003
81006
81007
81013
81014
81020
81021
81024
81027
81028
81034
81035
81037
81041
81042
81048
81049
81055
81056
81062
81063
81069
81070
81076
81077
81083
81084
81090
81091
81097
81098
81104
81105
81111
81112
81118
81119
81125
81126
81127
81128
81132
81133
81139
81140
81146
81147
81153
81154
81160
81161
81167
81168
81173
81174
81175
81181
81182
81188
81189
81195
81196
81202
81203
81205
81209
81210
81216
81217
81223
81224
81230
81231
81235
81237
81238
81244
81245
81251
81252
81258
81259
81265
81266
81272
81273
81279
81280
81286
81287
81293
81294
81300
81301
81307
81308
81314
81315
81321
81322
81328
81329
81334
81335
81336
81342
81343
81349
81350
81356
81357
81363
81364
81369
81370
81371
81377
81378
81384
81385
81390
81391
81392
81398
81399
81403
81405
81406
81412
81413
81419
81420
81426
81427
81433
81434
81440
81441
81443
81447
81448
81450
81454
81455
81461
81462
81468
81469
81475
81476
81482
81483
81489
81490
81496
81497
81503
81504
81510
81511
81512
81513
81517
81518
81524
81525
81531
81532
81538
81539
81545
81546
81552
81553
81558
81559
81560
81566
81567
81570
81573
81574
81580
81581
81587
81588
81594
81595
81601
81602
81608
81609
81615
81616
81620
81622
81623
81629
81630
81636
81637
81643
81644
81650
81651
81657
81658
81664
81665
81671
81672
81678
81679
81685
81686
81692
81693
81699
81700
81706
81707
81713
81714
81720
81721
81727
81728
81734
81735
81741
81742
81748
81749
81755
81756
81762
81763
81768
81769
81770
81776
81777
81783
81784
81790
81791
81797
81798
81804
81805
81808
81811
81812
81815
81818
81819
81825
81826
81832
81833
81839
81840
81846
81847
81853
81854
81860
81861
81862
81863
81867
81868
81874
81875
81881
81882
81888
81889
81895
81896
81902
81903
81908
81909
81910
81916
81917
81923
81924
81925
81930
81931
81935
81937
81938
81944
81945
81951
81952
81958
81959
81965
81966
81970
81972
81973
81979
81980
81986
81987
81993
81994
82000
82001
82007
82008
82014
82015
82021
82022
82028
82029
82035
82036
82042
82043
82049
82050
82056
82057
82063
82064
82070
82071
82077
82078
82084
82085
82091
82092
82098
82099
82105
82106
82112
82113
82119
82120
82126
82127
82133
82134
82140
82141
82147
82148
82154
82155
82161
82162
82168
82169
82173
82175
82176
82180
82182
82183
82189
82190
82196
82197
82203
82204
82210
82211
82217
82218
82219
82220
82224
82225
82231
82232
82238
82239
82245
82246
82252
82253
82259
82260
82265
82266
82267
82273
82274
82280
82281
82287
82288
82290
82294
82295
82300
82301
82302
82308
82309
82315
82316
82322
82323
82327
82329
82330
82336
82337
82343
82344
82350
82351
82357
82358
82364
82365
82371
82372
82378
82379
82385
82386
82392
82393
82399
82400
82406
82407
82413
82414
82420
82421
82427
82428
82429
82434
82435
82441
82442
82448
82449
82455
82456
82462
82463
82464
82469
82470
82476
82477
82483
82484
82485
82490
82491
82497
82498
82504
82505
82511
82512
82518
82519
82525
82526
82532
82533
82538
82539
82540
82545
82546
82547
82553
82554
82560
82561
82567
82568
82574
82575
82581
82582
82588
82589
82595
82596
82602
82603
82604
82605
82609
82610
82616
82617
82623
82624
82630
82631
82637
82638
82644
82645
82650
82651
82652
82656
82658
82659
82665
82666
82672
82673
82679
82680
82686
82687
82693
82694
82700
82701
82707
82708
82712
82714
82715
82721
82722
82728
82729
82735
82736
82742
82743
82749
82750
82756
82757
82763
82764
82770
82771
82777
82778
82784
82785
82791
82792
82795
82798
82799
82805
82806
82812
82813
82819
82820
82826
82827
82830
82833
82834
82840
82841
82847
82848
82851
82854
82855
82861
82862
82864
82868
82869
82875
82876
82882
82883
82889
82890
82896
82897
82903
82904
82910
82911
82917
82918
82924
82925
82931
82932
82938
82939
82945
82946
82952
82953
82959
82960
82961
82962
82966
82967
82973
82974
82980
82981
82987
82988
82994
82995
83001
83002
83007
83008
83009
83015
83016
83021
83022
83023
83029
83030
83031
83036
83037
83043
83044
83050
83051
83057
83058
83064
83065
83069
83071
83072
83078
83079
83085
83086
83092
83093
83099
83100
83106
83107
83113
83114
83120
83121
83127
83128
83134
83135
83141
83142
83148
83149
83155
83156
83160
83162
83163
83169
83170
83176
83177
83183
83184
83190
83191
83195
83197
83198
83204
83205
83211
83212
83216
83218
83219
83225
83226
83229
83232
83233
83239
83240
83246
83247
83253
83254
83260
83261
83267
83268
83269
83274
83275
83276
83281
83282
83288
83289
83295
83296
83302
83303
83309
83310
83311
83312
83316
83317
83323
83324
83330
83331
83337
83338
83344
83345
83351
83352
83357
83358
83359
83365
83366
83372
83373
83379
83380
83386
83387
83393
83394
83396
83400
83401
83407
83408
83414
83415
83419
83421
83422
83428
83429
83435
83436
83442
83443
83449
83450
83456
83457
83463
83464
83470
83471
83477
83478
83484
83485
83491
83492
83498
83499
83505
83506
83512
83513
83519
83520
83525
83526
83527
83533
83534
83540
83541
83547
83548
83554
83555
83560
83561
83562
83568
83569
83575
83576
83581
83582
83583
83589
83590
83594
83596
83597
83603
83604
83610
83611
83617
83618
83624
83625
83631
83632
83634
83638
83639
83641
83645
83646
83652
83653
83659
83660
83666
83667
83673
83674
83680
83681
83687
83688
83694
83695
83696
83697
83701
83702
83708
83709
83715
83716
83722
83723
83729
83730
83736
83737
83742
83743
83744
83750
83751
83757
83758
83761
83764
83765
83771
83772
83778
83779
83785
83786
83792
83793
83799
83800
83804
83806
83807
83813
83814
83820
83821
83827
83828
83834
83835
83841
83842
83848
83849
83855
83856
83862
83863
83869
83870
83876
83877
83883
83884
83890
83891
83897
83898
83904
83905
83911
83912
83918
83919
83925
83926
83932
83933
83939
83940
83946
83947
83953
83954
83959
83960
83961
83967
83968
83974
83975
83981
83982
83988
83989
83995
83996
83999
84002
84003
84006
84009
84010
84016
84017
84023
84024
84030
84031
84037
84038
84044
84045
84051
84052
84053
84054
84058
84059
84065
84066
84072
84073
84079
84080
84086
84087
84093
84094
84099
84100
84101
84107
84108
84114
84115
84116
84121
84122
84126
84128
84129
84135
84136
84142
84143
84149
84150
84156
84157
84161
84163
84164
84170
84171
84177
84178
84184
84185
84191
84192
84198
84199
84205
84206
84212
84213
84219
84220
84226
84227
84233
84234
84240
84241
84247
84248
84254
84255
84261
84262
84268
84269
84275
84276
84282
84283
84289
84290
84296
84297
84303
84304
84310
84311
84317
84318
84324
84325
84331
84332
84338
84339
84345
84346
84352
84353
84359
84360
84364
84366
84367
84371
84373
84374
84380
84381
84387
84388
84394
84395
84401
84402
84408
84409
84415
84416
84422
84423
84429
84430
84431
84432
84436
84437
84443
84444
84450
84451
84457
84458
84464
84465
84471
84472
84477
84478
84479
84481
84485
84486
84491
84492
84493
84499
84500
84506
84507
84513
84514
84520
84521
84527
84528
84534
84535
84539
84541
84542
84548
84549
84555
84556
84562
84563
84569
84570
84576
84577
84583
84584
84590
84591
84597
84598
84604
84605
84611
84612
84618
84619
84620
84625
84626
84632
84633
84639
84640
84646
84647
84653
84654
84655
84660
84661
84667
84668
84674
84675
84676
84681
84682
84688
84689
84695
84696
84702
84703
84709
84710
84716
84717
84723
84724
84729
84730
84731
84736
84737
84738
84744
84745
84751
84752
84758
84759
84765
84766
84772
84773
84779
84780
84786
84787
84788
84789
84793
84794
84800
84801
84807
84808
84814
84815
84821
84822
84828
84829
84834
84835
84836
84842
84843
84846
84849
84850
84856
84857
84863
84864
84870
84871
84877
84878
84884
84885
84891
84892
84896
84898
84899
84905
84906
84912
84913
84919
84920
84926
84927
84933
84934
84940
84941
84947
84948
84954
84955
84961
84962
84968
84969
84975
84976
84982
84983
84985
84989
84990
84996
84997
85003
85004
85010
85011
85017
85018
85020
85024
85025
85031
85032
85038
85039
85041
85045
85046
85052
85053
85054
85059
85060
85066
85067
85073
85074
85080
85081
85087
85088
85094
85095
85101
85102
85108
85109
85115
85116
85122
85123
85129
85130
85136
85137
85143
85144
85145
85146
85150
85151
85157
85158
85164
85165
85171
85172
85178
85179
85185
85186
85191
85192
85193
85199
85200
85206
85207
85211
85213
85214
85220
85221
85227
85228
85234
85235
85241
85242
85248
85249
85253
85255
85256
85262
85263
85269
85270
85276
85277
85283
85284
85290
85291
85297
85298
85304
85305
85311
85312
85318
85319
85325
85326
85332
85333
85339
85340
85346
85347
85350
85353
85354
85360
85361
85367
85368
85374
85375
85381
85382
85385
85388
85389
85395
85396
85402
85403
85406
85409
85410
85416
85417
85419
85423
85424
85430
85431
85437
85438
85444
85445
85451
85452
85458
85459
85465
85466
85472
85473
85479
85480
85486
85487
85493
85494
85500
85501
85507
85508
85514
85515
85521
85522
85528
85529
85530
85531
85535
85536
85542
85543
85549
85550
85556
85557
85563
85564
85570
85571
85576
85577
85578
85584
85585
85587
85591
85592
85598
85599
85605
85606
85612
85613
85619
85620
85626
85627
85633
85634
85638
85640
85641
85647
85648
85654
85655
85661
85662
85668
85669
85675
85676
85682
85683
85689
85690
85696
85697
85703
85704
85710
85711
85716
85717
85718
85724
85725
85731
85732
85738
85739
85745
85746
85751
85752
85753
85759
85760
85766
85767
85772
85773
85774
85780
85781
85785
85787
85788
85794
85795
85801
85802
85808
85809
85815
85816
85822
85823
85825
85829
85830
85832
85836
85837
85843
85844
85850
85851
85857
85858
85864
85865
85871
85872
85878
85879
85880
85881
85885
85886
85892
85893
85899
85900
85906
85907
85913
85914
85920
85921
85926
85927
85928
85934
85935
85941
85942
85948
85949
85952
85955
85956
85962
85963
85969
85970
85976
85977
85983
85984
85988
85990
85991
85997
85998
86004
86005
86011
86012
86018
86019
86025
86026
86032
86033
86039
86040
86046
86047
86053
86054
86060
86061
86067
86068
86074
86075
86081
86082
86088
86089
86095
86096
86102
86103
86109
86110
86116
86117
86123
86124
86130
86131
86137
86138
86144
86145
86150
86151
86152
86158
86159
86165
86166
86172
86173
86179
86180
86186
86187
86190
86193
86194
86197
86200
86201
86207
86208
86214
86215
86221
86222
86228
86229
86235
86236
86237
86238
86242
86243
86249
86250
86256
86257
86263
86264
86270
86271
86277
86278
86283
86284
86285
86291
86292
86298
86299
86305
86306
86307
86312
86313
86317
86319
86320
86326
86327
86333
86334
86340
86341
86345
86347
86348
86354
86355
86361
86362
86368
86369
86375
86376
86382
86383
86389
86390
86396
86397
86403
86404
86410
86411
86417
86418
86424
86425
86431
86432
86438
86439
86445
86446
86452
86453
86459
86460
86466
86467
86473
86474
86480
86481
86487
86488
86494
86495
86501
86502
86508
86509
86515
86516
86522
86523
86529
86530
86536
86537
86543
86544
86550
86551
86555
86557
86558
86562
86564
86565
86571
86572
86578
86579
86585
86586
86592
86593
86599
86600
86606
86607
86613
86614
86620
86621
86622
86623
86627
86628
86634
86635
86641
86642
86648
86649
86655
86656
86662
86663
86668
86669
86670
86672
86676
86677
86682
86683
86684
86690
86691
86697
86698
86704
86705
86711
86712
86718
86719
86725
86726
86730
86732
86733
86739
86740
86746
86747
86753
86754
86760
86761
86767
86768
86774
86775
86781
86782
86788
86789
86795
86796
86802
86803
86809
86810
86811
86816
86817
86823
86824
86830
86831
86837
86838
86844
86845
86846
86851
86852
86858
86859
86865
86866
86867
86872
86873
86879
86880
86886
86887
86893
86894
86900
86901
86907
86908
86914
86915
86920
86921
86922
86927
86928
86929
86935
86936
86942
86943
86949
86950
86956
86957
86963
86964
86970
86971
86972
86973
86977
86978
86984
86985
86991
86992
86998
86999
87005
87006
87012
87013
87018
87019
87020
87026
87027
87033
87034
87038
87040
87041
87047
87048
87054
87055
87061
87062
87068
87069
87075
87076
87080
87082
87083
87089
87090
87096
87097
87103
87104
87110
87111
87117
87118
87124
87125
87131
87132
87138
87139
87145
87146
87152
87153
87159
87160
87166
87167
87173
87174
87177
87180
87181
87187
87188
87194
87195
87201
87202
87208
87209
87212
87215
87216
87222
87223
87229
87230
87233
87236
87237
87243
87244
87246
87250
87251
87257
87258
87264
87265
87271
87272
87278
87279
87285
87286
87292
87293
87299
87300
87306
87307
87313
87314
87320
87321
87327
87328
87329
87330
87334
87335
87341
87342
87348
87349
87355
87356
87362
87363
87369
87370
87375
87376
87377
87383
87384
87390
87391
87397
87398
87403
87404
87405
87411
87412
87413
87418
87419
87425
87426
87432
87433
87437
87439
87440
87446
87447
87453
87454
87460
87461
87467
87468
87474
87475
87481
87482
87488
87489
87495
87496
87502
87503
87509
87510
87516
87517
87523
87524
87530
87531
87537
87538
87542
87544
87545
87551
87552
87558
87559
87565
87566
87572
87573
87577
87579
87580
87586
87587
87593
87594
87598
87600
87601
87607
87608
87611
87614
87615
87621
87622
87628
87629
87635
87636
87642
87643
87649
87650
87651
87656
87657
87658
87663
87664
87670
87671
87677
87678
87684
87685
87691
87692
87698
87699
87705
87706
87712
87713
87714
87715
87719
87720
87726
87727
87733
87734
87740
87741
87747
87748
87754
87755
87760
87761
87762
87768
87769
87775
87776
87778
87782
87783
87789
87790
87796
87797
87803
87804
87810
87811
87817
87818
87822
87824
87825
87831
87832
87838
87839
87845
87846
87852
87853
87859
87860
87866
87867
87873
87874
87880
87881
87887
87888
87894
87895
87901
87902
87907
87908
87909
87915
87916
87922
87923
87929
87930
87936
87937
87942
87943
87944
87950
87951
87957
87958
87963
87964
87965
87971
87972
87976
87978
87979
87985
87986
87992
87993
87999
88000
88006
88007
88013
88014
88016
88020
88021
88023
88027
88028
88034
88035
88041
88042
88048
88049
88055
88056
88062
88063
88064
88065
88069
88070
88076
88077
88083
88084
88090
88091
88097
88098
88104
88105
88110
88111
88112
88118
88119
88125
88126
88132
88133
88139
88140
88143
88146
88147
88153
88154
88160
88161
88167
88168
88172
88174
88175
88181
88182
88188
88189
88195
88196
88202
88203
88209
88210
88216
88217
88223
88224
88230
88231
88237
88238
88244
88245
88251
88252
88258
88259
88265
88266
88272
88273
88279
88280
88286
88287
88293
88294
88300
88301
88307
88308
88314
88315
88321
88322
88328
88329
88335
88336
88341
88342
88343
88349
88350
88356
88357
88363
88364
88370
88371
88377
88378
88381
88384
88385
88388
88391
88392
88398
88399
88405
88406
88412
88413
88419
88420
88426
88427
88433
88434
88440
88441
88447
88448
88449
88450
88454
88455
88461
88462
88468
88469
88475
88476
88482
88483
88489
88490
88495
88496
88497
88499
88503
88504
88509
88510
88511
88517
88518
88524
88525
88531
88532
88538
88539
88545
88546
88552
88553
88557
88559
88560
88566
88567
88573
88574
88580
88581
88587
88588
88594
88595
88601
88602
88608
88609
88615
88616
88622
88623
88629
88630
88636
88637
88638
88643
88644
88650
88651
88657
88658
88664
88665
88671
88672
88673
88678
88679
88685
88686
88692
88693
88694
88699
88700
88706
88707
88713
88714
88720
88721
88727
88728
88734
88735
88741
88742
88747
88748
88749
88754
88755
88756
88762
88763
88769
88770
88776
88777
88783
88784
88790
88791
88797
88798
88804
88805
88806
88807
88811
88812
88818
88819
88825
88826
88832
88833
88839
88840
88846
88847
88852
88853
88854
88860
88861
88864
88867
88868
88874
88875
88881
88882
88888
88889
88895
88896
88902
88903
88909
88910
88914
88916
88917
88923
88924
88930
88931
88937
88938
88944
88945
88951
88952
88958
88959
88965
88966
88972
88973
88979
88980
88986
88987
88993
88994
89000
89001
89003
89007
89008
89014
89015
89021
89022
89028
89029
89035
89036
89038
89042
89043
89049
89050
89056
89057
89059
89063
89064
89070
89071
89072
89077
89078
89084
89085
89091
89092
89098
89099
89105
89106
89112
89113
89119
89120
89126
89127
89133
89134
89140
89141
89147
89148
89154
89155
89156
89157
89161
89162
89168
89169
89175
89176
89182
89183
89189
89190
89196
89197
89202
89203
89204
89210
89211
89217
89218
89224
89225
89229
89231
89232
89238
89239
89245
89246
89252
89253
89259
89260
89264
89266
89267
89273
89274
89280
89281
89287
89288
89294
89295
89301
89302
89308
89309
89315
89316
89322
89323
89329
89330
89336
89337
89343
89344
89350
89351
89357
89358
89364
89365
89368
89371
89372
89378
89379
89385
89386
89392
89393
89399
89400
89403
89406
89407
89413
89414
89420
89421
89424
89427
89428
89434
89435
89437
89441
89442
89448
89449
89455
89456
89462
89463
89469
89470
89476
89477
89483
89484
89490
89491
89497
89498
89504
89505
89511
89512
89518
89519
89525
89526
89532
89533
89539
89540
89541
89542
89546
89547
89553
89554
89560
89561
89567
89568
89574
89575
89581
89582
89587
89588
89589
89594
89595
89596
89602
89603
89604
89609
89610
89616
89617
89623
89624
89630
89631
89637
89638
89644
89645
89649
89651
89652
89658
89659
89665
89666
89672
89673
89679
89680
89686
89687
89693
89694
89700
89701
89707
89708
89714
89715
89721
89722
89728
89729
89733
89735
89736
89742
89743
89749
89750
89756
89757
89763
89764
89768
89770
89771
89777
89778
89784
89785
89789
89791
89792
89798
89799
89802
89805
89806
89812
89813
89819
89820
89826
89827
89833
89834
89840
89841
89842
89847
89848
89849
89854
89855
89861
89862
89868
89869
89875
89876
89882
89883
89889
89890
89896
89897
89898
89899
89903
89904
89910
89911
89917
89918
89924
89925
89931
89932
89938
89939
89944
89945
89946
89952
89953
89959
89960
89966
89967
89970
89973
89974
89980
89981
89987
89988
89994
89995
90001
90002
90006
90008
90009
90015
90016
90022
90023
90029
90030
90036
90037
90043
90044
90050
90051
90057
90058
90064
90065
90071
90072
90078
90079
90085
90086
90092
90093
90099
90100
90106
90107
90113
90114
90120
90121
90127
90128
90134
90135
90141
90142
90148
90149
90155
90156
90162
90163
90168
90169
90170
90176
90177
90183
90184
90190
90191
90197
90198
90204
90205
90208
90211
90212
90215
90218
90219
90225
90226
90232
90233
90239
90240
90246
90247
90253
90254
90255
90256
90260
90261
90267
90268
90274
90275
90281
90282
90288
90289
90295
90296
90301
90302
90303
90309
90310
90316
90317
90323
90324
90325
90330
90331
90335
90337
90338
90344
90345
90351
90352
90358
90359
90363
90365
90366
90372
90373
90379
90380
90386
90387
90393
90394
90400
90401
90407
90408
90414
90415
90421
90422
90428
90429
90435
90436
90442
90443
90449
90450
90456
90457
90463
90464
90470
90471
90477
90478
90484
90485
90491
90492
90498
90499
90505
90506
90512
90513
90519
90520
90526
90527
90533
90534
90540
90541
90547
90548
90554
90555
90561
90562
90568
90569
90573
90575
90576
90580
90582
90583
90589
90590
90596
90597
90603
90604
90610
90611
90617
90618
90624
90625
90631
90632
90633
90634
90638
90639
90645
90646
90652
90653
90659
90660
90666
90667
90673
90674
90679
90680
90681
90687
90688
90690
90694
90695
90700
90701
90702
90708
90709
90715
90716
90722
90723
90729
90730
90736
90737
90741
90743
90744
90750
90751
90757
90758
90764
90765
90771
90772
90778
90779
90785
90786
90792
90793
90799
90800
90806
90807
90813
90814
90820
90821
90827
90828
90829
90834
90835
90841
90842
90848
90849
90855
90856
90862
90863
90864
90869
90870
90876
90877
90883
90884
90885
90890
90891
90897
90898
90904
90905
90911
90912
90918
90919
90925
90926
90932
90933
90938
90939
90940
90945
90946
90947
90953
90954
90960
90961
90967
90968
90974
90975
90981
90982
90988
90989
90990
90991
90995
90996
91002
91003
91009
91010
91016
91017
91023
91024
91030
91031
91036
91037
91038
91044
91045
91051
91052
91055
91058
91059
91065
91066
91072
91073
91079
91080
91086
91087
91093
91094
91098
91100
91101
91107
91108
91114
91115
91121
91122
91128
91129
91135
91136
91142
91143
91149
91150
91156
91157
91163
91164
91170
91171
91177
91178
91184
91185
91191
91192
91194
91198
91199
91205
91206
91212
91213
91219
91220
91226
91227
91229
91233
91234
91240
91241
91247
91248
91250
91254
91255
91261
91262
91263
91268
91269
91275
91276
91282
91283
91289
91290
91296
91297
91303
91304
91310
91311
91317
91318
91324
91325
91331
91332
91338
91339
91345
91346
91352
91353
91359
91360
91366
91367
91373
91374
91375
91376
91380
91381
91387
91388
91394
91395
91401
91402
91408
91409
91415
91416
91421
91421
91422
91423
91429
91430
91431
91436
91437
91443
91444
91450
91451
91457
91458
91464
91465
91471
91472
91478
91479
91483
91485
91486
91492
91493
91499
91500
91506
91507
91513
91514
91520
91521
91527
91528
91534
91535
91541
91542
91548
91549
91555
91556
91560
91562
91563
91569
91570
91576
91577
91583
91584
91590
91591
91595
91597
91598
91604
91605
91611
91612
91616
91618
91619
91625
91626
91629
91632
91633
91639
91640
91646
91647
91653
91654
91660
91661
91667
91668
91669
91674
91675
91676
91681
91682
91688
91689
91695
91696
91702
91703
91709
91710
91716
91717
91723
91724
91730
91731
91732
91733
91737
91738
91744
91745
91751
91752
91758
91759
91765
91766
91772
91773
91778
91779
91780
91786
91787
91793
91794
91796
91800
91801
91807
91808
91814
91815
91821
91822
91828
91829
91835
91836
91840
91842
91843
91849
91850
91856
91857
91863
91864
91870
91871
91877
91878
91884
91885
91891
91892
91898
91899
91905
91906
91912
91913
91919
91920
91925
91926
91927
91933
91934
91940
91941
91947
91948
91954
91955
91960
91961
91962
91968
91969
91975
91976
91981
91982
91983
91989
91990
91994
91996
91997
92003
92004
92010
92011
92017
92018
92024
92025
92031
92032
92034
92038
92039
92041
92045
92046
92052
92053
92059
92060
92066
92067
92073
92074
92080
92081
92082
92083
92087
92088
92094
92095
92101
92102
92108
92109
92115
92116
92122
92123
92128
92129
92130
92136
92137
92143
92144
92150
92151
92157
92158
92161
92164
92165
92171
92172
92178
92179
92185
92186
92190
92192
92193
92199
92200
92206
92207
92213
92214
92220
92221
92227
92228
92234
92235
92241
92242
92248
92249
92255
92256
92262
92263
92269
92270
92276
92277
92283
92284
92290
92291
92297
92298
92304
92305
92311
92312
92318
92319
92325
92326
92332
92333
92339
92340
92346
92347
92353
92354
92359
92360
92361
92367
92368
92374
92375
92381
92382
92388
92389
92395
92396
92399
92402
92403
92406
92409
92410
92416
92417
92423
92424
92430
92431
92437
92438
92444
92445
92451
92452
92458
92459
92465
92466
92467
92468
92472
92473
92479
92480
92486
92487
92493
92494
92500
92501
92507
92508
92513
92514
92515
92516
92521
92522
92526
92528
92529
92535
92536
92542
92543
92549
92550
92556
92557
92563
92564
92570
92571
92575
92577
92578
92584
92585
92591
92592
92598
92599
92605
92606
92612
92613
92619
92620
92626
92627
92633
92634
92640
92641
92647
92648
92654
92655
92661
92662
92668
92669
92675
92676
92682
92683
92689
92690
92696
92697
92703
92704
92710
92711
92717
92718
92724
92725
92731
92732
92738
92739
92745
92746
92752
92753
92759
92760
92764
92766
92767
92771
92773
92774
92780
92781
92787
92788
92794
92795
92801
92802
92808
92809
92815
92816
92822
92823
92824
92825
92829
92830
92836
92837
92843
92844
92850
92851
92857
92858
92864
92865
92870
92871
92872
92878
92879
92882
92885
92886
92892
92893
92899
92900
92906
92907
92913
92914
92920
92921
92927
92928
92932
92934
92935
92941
92942
92948
92949
92955
92956
92962
92963
92969
92970
92976
92977
92983
92984
92990
92991
92997
92998
93004
93005
93011
93012
93018
93019
93021
93025
93026
93032
93033
93039
93040
93046
93047
93053
93054
93056
93060
93061
93067
93068
93074
93075
93077
93081
93082
93088
93089
93090
93095
93096
93102
93103
93109
93110
93116
93117
93123
93124
93130
93131
93137
93138
93144
93145
93151
93152
93158
93159
93165
93166
93172
93173
93174
93175
93179
93180
93186
93187
93193
93194
93200
93201
93207
93208
93214
93215
93220
93221
93222
93228
93229
93235
93236
93242
93243
93247
93249
93250
93256
93257
93263
93264
93270
93271
93277
93278
93282
93284
93285
93291
93292
93298
93299
93305
93306
93312
93313
93319
93320
93326
93327
93333
93334
93340
93341
93347
93348
93354
93355
93361
93362
93368
93369
93375
93376
93382
93383
93386
93389
93390
93396
93397
93403
93404
93410
93411
93417
93418
93421
93424
93425
93431
93432
93438
93439
93442
93445
93446
93452
93453
93455
93459
93460
93466
93467
93473
93474
93480
93481
93487
93488
93494
93495
93501
93502
93508
93509
93515
93516
93522
93523
93529
93530
93536
93537
93543
93544
93550
93551
93557
93558
93559
93560
93564
93565
93571
93572
93578
93579
93585
93586
93592
93593
93599
93600
93605
93606
93607
93612
93613
93614
93620
93621
93622
93627
93628
93634
93635
93641
93642
93648
93649
93655
93656
93662
93663
93667
93669
93670
93676
93677
93683
93684
93690
93691
93697
93698
93704
93705
93711
93712
93718
93719
93725
93726
93732
93733
93739
93740
93746
93747
93751
93753
93754
93760
93761
93767
93768
93774
93775
93781
93782
93786
93788
93789
93795
93796
93802
93803
93807
93809
93810
93816
93817
93820
93823
93824
93830
93831
93837
93838
93844
93845
93851
93852
93858
93859
93860
93865
93866
93867
93872
93873
93879
93880
93886
93887
93893
93894
93900
93901
93907
93908
93914
93915
93916
93917
93921
93922
93928
93929
93935
93936
93942
93943
93949
93950
93956
93957
93962
93963
93964
93970
93971
93977
93978
93984
93985
93987
93991
93992
93998
93999
94005
94006
94012
94013
94019
94020
94024
94026
94027
94033
94034
94040
94041
94047
94048
94054
94055
94061
94062
94068
94069
94075
94076
94082
94083
94089
94090
94096
94097
94103
94104
94110
94111
94116
94117
94118
94124
94125
94131
94132
94138
94139
94145
94146
94151
94152
94153
94159
94160
94166
94167
94172
94173
94174
94180
94181
94185
94187
94188
94194
94195
94201
94202
94208
94209
94215
94216
94222
94223
94225
94229
94230
94232
94236
94237
94243
94244
94250
94251
94257
94258
94264
94265
94266
94267
94271
94272
94278
94279
94285
94286
94292
94293
94299
94300
94306
94307
94312
94313
94314
94320
94321
94327
94328
94334
94335
94341
94342
94343
94348
94349
94353
94355
94356
94362
94363
94369
94370
94374
94376
94377
94383
94384
94390
94391
94397
94398
94404
94405
94411
94412
94418
94419
94425
94426
94432
94433
94439
94440
94446
94447
94453
94454
94460
94461
94467
94468
94474
94475
94481
94482
94488
94489
94495
94496
94502
94503
94509
94510
94516
94517
94523
94524
94530
94531
94537
94538
94544
94545
94551
94552
94558
94559
94565
94566
94572
94573
94579
94580
94586
94587
94591
94593
94594
94598
94600
94601
94607
94608
94614
94615
94621
94622
94628
94629
94635
94636
94642
94643
94649
94650
94651
94652
94656
94657
94663
94664
94670
94671
94677
94678
94684
94685
94691
94692
94697
94698
94699
94705
94706
94708
94712
94713
94718
94719
94720
94726
94727
94733
94734
94740
94741
94747
94748
94754
94755
94759
94761
94762
94768
94769
94775
94776
94782
94783
94789
94790
94796
94797
94803
94804
94810
94811
94817
94818
94824
94825
94831
94832
94838
94839
94845
94846
94847
94852
94853
94859
94860
94866
94867
94873
94874
94880
94881
94882
94887
94888
94894
94895
94901
94902
94903
94908
94909
94915
94916
94922
94923
94929
94930
94936
94937
94943
94944
94950
94951
94956
94957
94958
94963
94964
94965
94971
94972
94978
94979
94985
94986
94992
94993
94999
95000
95006
95007
95008
95009
95013
95014
95020
95021
95027
95028
95034
95035
95041
95042
95048
95049
95054
95055
95056
95062
95063
95069
95070
95073
95076
95077
95083
95084
95090
95091
95097
95098
95104
95105
95111
95112
95116
95118
95119
95125
95126
95132
95133
95139
95140
95146
95147
95153
95154
95160
95161
95167
95168
95174
95175
95181
95182
95188
95189
95195
95196
95202
95203
95209
95210
95212
95216
95217
95223
95224
95230
95231
95237
95238
95244
95245
95247
95251
95252
95258
95259
95265
95266
95268
95272
95273
95279
95280
95281
95286
95287
95293
95294
95300
95301
95307
95308
95314
95315
95321
95322
95328
95329
95335
95336
95342
95343
95349
95350
95356
95357
95363
95364
95370
95371
95377
95378
95384
95385
95391
95392
95393
95394
95398
95399
95405
95406
95412
95413
95419
95420
95426
95427
95433
95434
95438
95439
95440
95441
95447
95448
95454
95455
95461
95462
95468
95469
95475
95476
95482
95483
95489
95490
95496
95497
95501
95503
95504
95510
95511
95517
95518
95524
95525
95531
95532
95538
95539
95545
95546
95552
95553
95559
95560
95566
95567
95573
95574
95577
95580
95581
95587
95588
95594
95595
95601
95602
95608
95609
95612
95615
95616
95622
95623
95629
95630
95633
95636
95637
95643
95644
95646
95650
95651
95657
95658
95664
95665
95671
95672
95678
95679
95685
95686
95692
95693
95699
95700
95706
95707
95713
95714
95720
95721
95727
95728
95734
95735
95741
95742
95743
95744
95748
95749
95755
95756
95762
95763
95769
95770
95776
95777
95783
95784
95789
95790
95791
95797
95798
95804
95805
95811
95812
95814
95818
95819
95825
95826
95832
95833
95839
95840
95846
95847
95851
95853
95854
95860
95861
95867
95868
95874
95875
95881
95882
95888
95889
95895
95896
95902
95903
95909
95910
95916
95917
95923
95924
95930
95931
95937
95938
95943
95944
95945
95951
95952
95958
95959
95965
95966
95972
95973
95978
95979
95980
95986
95987
95993
95994
95999
96000
96001
96007
96008
96012
96014
96015
96021
96022
96028
96029
96035
96036
96042
96043
96049
96050
96052
96056
96057
96059
96063
96064
96070
96071
96077
96078
96084
96085
96091
96092
96098
96099
96100
96101
96105
96106
96112
96113
96119
96120
96126
96127
96133
96134
96140
96141
96146
96147
96148
96154
96155
96161
96162
96168
96169
96175
96176
96179
96182
96183
96189
96190
96196
96197
96203
96204
96208
96210
96211
96217
96218
96224
96225
96231
96232
96238
96239
96245
96246
96252
96253
96259
96260
96266
96267
96273
96274
96280
96281
96287
96288
96294
96295
96301
96302
96308
96309
96315
96316
96322
96323
96329
96330
96336
96337
96343
96344
96350
96351
96357
96358
96364
96365
96371
96372
96377
96378
96379
96385
96386
96392
96393
96399
96400
96406
96407
96413
96414
96417
96420
96421
96424
96427
96428
96434
96435
96441
96442
96448
96449
96455
96456
96462
96463
96469
96470
96476
96477
96483
96484
96485
96486
96490
96491
96497
96498
96504
96505
96511
96512
96518
96519
96525
96526
96531
96532
96533
96534
96539
96540
96544
96546
96547
96553
96554
96560
96561
96567
96568
96574
96575
96581
96582
96588
96589
96593
96595
96596
96602
96603
96609
96610
96616
96617
96623
96624
96630
96631
96637
96638
96644
96645
96651
96652
96658
96659
96665
96666
96672
96673
96679
96680
96686
96687
96693
96694
96700
96701
96707
96708
96714
96715
96721
96722
96728
96729
96735
96736
96742
96743
96749
96750
96756
96757
96763
96764
96770
96771
96777
96778
96782
96784
96785
96789
96791
96792
96798
96799
96805
96806
96812
96813
96819
96820
96826
96827
96833
96834
96835
96836
96840
96841
96847
96848
96854
96855
96861
96862
96868
96869
96875
96876
96881
96882
96883
96889
96890
96896
96897
96899
96903
96904
96909
96910
96911
96917
96918
96924
96925
96931
96932
96938
96939
96943
96945
96946
96952
96953
96959
96960
96966
96967
96973
96974
96980
96981
96987
96988
96994
96995
97001
97002
97008
97009
97015
97016
97022
97023
97029
97030
97036
97037
97038
97043
97044
97050
97051
97057
97058
97064
97065
97071
97072
97073
97078
97079
97085
97086
97092
97093
97094
97099
97100
97106
97107
97113
97114
97120
97121
97127
97128
97134
97135
97141
97142
97147
97148
97149
97154
97155
97156
97162
97163
97169
97170
97176
97177
97183
97184
97190
97191
97192
97193
97197
97198
97204
97205
97211
97212
97218
97219
97225
97226
97232
97233
97238
97239
97240
97246
97247
97253
97254
97260
97261
97265
97267
97268
97274
97275
97281
97282
97288
97289
97295
97296
97300
97302
97303
97309
97310
97316
97317
97323
97324
97330
97331
97337
97338
97344
97345
97351
97352
97358
97359
97365
97366
97372
97373
97379
97380
97386
97387
97393
97394
97400
97401
97404
97407
97408
97414
97415
97421
97422
97428
97429
97435
97436
97439
97442
97443
97449
97450
97456
97457
97460
97463
97464
97470
97471
97473
97477
97478
97484
97485
97491
97492
97498
97499
97505
97506
97512
97513
97519
97520
97526
97527
97533
97534
97540
97541
97547
97548
97554
97555
97561
97562
97568
97569
97575
97576
97577
97578
97582
97583
97589
97590
97596
97597
97603
97604
97610
97611
97617
97618
97623
97624
97625
97630
97631
97632
97638
97639
97640
97645
97646
97652
97653
97659
97660
97666
97667
97673
97674
97680
97681
97685
97687
97688
97694
97695
97701
97702
97708
97709
97715
97716
97722
97723
97729
97730
97736
97737
97743
97744
97750
97751
97757
97758
97764
97765
97769
97771
97772
97778
97779
97785
97786
97792
97793
97799
97800
97804
97806
97807
97813
97814
97820
97821
97825
97827
97828
97834
97835
97838
97841
97842
97848
97849
97855
97856
97862
97863
97869
97870
97876
97877
97878
97883
97884
97885
97890
97891
97897
97898
97904
97905
97911
97912
97918
97919
97925
97926
97927
97928
97932
97933
97939
97940
97946
97947
97953
97954
97960
97961
97967
97968
97973
97974
97975
97981
97982
97988
97989
97995
97996
98002
98003
98005
98009
98010
98016
98017
98023
98024
98030
98031
98035
98037
98038
98044
98045
98051
98052
98058
98059
98065
98066
98072
98073
98079
98080
98086
98087
98093
98094
98100
98101
98107
98108
98114
98115
98121
98122
98128
98129
98134
98135
98136
98142
98143
98149
98150
98156
98157
98163
98164
98169
98170
98171
98177
98178
98184
98185
98190
98191
98192
98198
98199
98203
98205
98206
98212
98213
98219
98220
98226
98227
98233
98234
98240
98241
98243
98247
98248
98250
98254
98255
98261
98262
98268
98269
98275
98276
98282
98283
98289
98290
98296
98297
98303
98304
98310
98311
98312
98313
98317
98318
98324
98325
98331
98332
98338
98339
98345
98346
98352
98353
98358
98359
98360
98366
98367
98370
98373
98374
98380
98381
98387
98388
98394
98395
98401
98402
98408
98409
98415
98416
98420
98422
98423
98429
98430
98436
98437
98443
98444
98450
98451
98457
98458
98464
98465
98471
98472
98478
98479
98485
98486
98492
98493
98499
98500
98506
98507
98513
98514
98520
98521
98527
98528
98534
98535
98541
98542
98548
98549
98555
98556
98562
98563
98568
98569
98570
98576
98577
98583
98584
98590
98591
98597
98598
98604
98605
98608
98611
98612
98615
98618
98619
98625
98626
98632
98633
98639
98640
98646
98647
98653
98654
98660
98661
98667
98668
98669
98670
98674
98675
98681
98682
98688
98689
98695
98696
98702
98703
98709
98710
98715
98716
98717
98723
98724
98726
98730
98731
98736
98737
98738
98744
98745
98751
98752
98758
98759
98765
98766
98772
98773
98777
98779
98780
98786
98787
98793
98794
98800
98801
98807
98808
98814
98815
98821
98822
98828
98829
98835
98836
98842
98843
98849
98850
98856
98857
98863
98864
98865
98870
98871
98877
98878
98884
98885
98891
98892
98898
98899
98900
98905
98906
98912
98913
98919
98920
98921
98926
98927
98933
98934
98940
98941
98947
98948
98954
98955
98961
98962
98968
98969
98974
98975
98976
98981
98982
98983
98989
98990
98996
98997
99003
99004
99010
99011
99017
99018
99024
99025
99026
99027
99031
99032
99038
99039
99045
99046
99052
99053
99059
99060
99066
99067
99072
99073
99074
99080
99081
99087
99088
99091
99094
99095
99101
99102
99108
99109
99115
99116
99122
99123
99129
99130
99134
99136
99137
99143
99144
99150
99151
99157
99158
99164
99165
99171
99172
99178
99179
99185
99186
99192
99193
99199
99200
99206
99207
99213
99214
99220
99221
99227
99228
99230
99234
99235
99241
99242
99248
99249
99255
99256
99262
99263
99265
99269
99270
99276
99277
99283
99284
99286
99290
99291
99297
99298
99299
99304
99305
99311
99312
99318
99319
99325
99326
99332
99333
99339
99340
99346
99347
99353
99354
99360
99361
99367
99368
99374
99375
99381
99382
99388
99389
99395
99396
99402
99403
99404
99405
99409
99410
99416
99417
99423
99424
99430
99431
99437
99438
99444
99445
99450
99451
99452
99456
99458
99459
99465
99466
99472
99473
99479
99480
99486
99487
99493
99494
99500
99501
99507
99508
99512
99514
99515
99521
99522
99528
99529
99535
99536
99542
99543
99549
99550
99556
99557
99563
99564
99570
99571
99577
99578
99584
99585
99591
99592
99595
99598
99599
99605
99606
99612
99613
99619
99620
99626
99627
99630
99633
99634
99640
99641
99647
99648
99651
99654
99655
99661
99662
99664
99668
99669
99675
99676
99682
99683
99689
99690
99696
99697
99703
99704
99710
99711
99717
99718
99724
99725
99731
99732
99738
99739
99745
99746
99752
99753
99759
99760
99761
99762
99766
99767
99773
99774
99780
99781
99787
99788
99794
99795
99801
99802
99807
99808
99809
99815
99816
99821
99822
99823
99829
99830
99831
99836
99837
99843
99844
99850
99851
99857
99858
99864
99865
99869
99871
99872
99878
99879
99885
99886
99892
99893
99899
99900
99906
99907
99913
99914
99920
99921
99927
99928
99934
99935
99941
99942
99948
99949
99955
99956
99960
99962
99963
99969
99970
99976
99977
99983
99984
99990
99991
99995
99997
99998
100004
100005
100011
100012
100016
100018
100019
100025
100026
100029
100032
100033
100039
100040
100046
100047
100053
100054
100060
100061
100067
100068
100069
100074
100075
100076
100081
100082
100088
100089
100095
100096
100102
100103
100109
100110
100116
100117
100118
100119
100123
100124
100130
100131
100137
100138
100144
100145
100151
100152
100158
100159
100164
100165
100166
100172
100173
100179
100180
100186
100187
100193
100194
100197
100200
100201
100207
100208
100214
100215
100221
100222
100226
100228
100229
100235
100236
100242
100243
100249
100250
100256
100257
100263
100264
100270
100271
100277
100278
100284
100285
100291
100292
100298
100299
100305
100306
100312
100313
100319
100320
100326
100327
100333
100334
100340
100341
100347
100348
100354
100355
100361
100362
100368
100369
100375
100376
100382
100383
100389
100390
100395
100396
100397
100403
100404
100410
100411
100417
100418
100424
100425
100431
100432
100435
100438
100439
100442
100445
100446
100452
100453
100459
100460
100466
100467
100473
100474
100480
100481
100487
100488
100494
100495
100496
100497
100501
100502
100508
100509
100515
100516
100522
100523
100529
100530
100536
100537
100542
100543
100544
100550
100551
100552
100557
100558
100562
100564
100565
100571
100572
100578
100579
100585
100586
100592
100593
100599
100600
100604
100606
100607
100613
100614
100620
100621
100627
100628
100634
100635
100641
100642
100648
100649
100655
100656
100662
100663
100669
100670
100676
100677
100683
100684
100690
100691
100697
100698
100704
100705
100711
100712
100718
100719
100725
100726
100732
100733
100739
100740
100746
100747
100753
100754
100760
100761
100767
100768
100774
100775
100781
100782
100788
100789
100795
100796
100800
100802
100803
100807
100809
100810
100816
100817
100823
100824
100830
100831
100837
100838
100844
100845
100851
100852
100853
100854
100858
100859
100865
100866
100872
100873
100879
100880
100886
100887
100893
100894
100899
100900
100901
100907
100908
100914
100915
100917
100921
100922
100927
100928
100929
100935
100936
100942
100943
100949
100950
100956
100957
100961
100963
100964
100970
100971
100977
100978
100984
100985
100991
100992
100998
100999
101005
101006
101012
101013
101019
101020
101026
101027
101033
101034
101040
101041
101047
101048
101054
101055
101056
101061
101062
101068
101069
101075
101076
101082
101083
101089
101090
101091
101096
101097
101103
101104
101110
101111
101112
101117
101118
101124
101125
101131
101132
101138
101139
101145
101146
101152
101153
101159
101160
101165
101166
101167
101172
101173
101174
101180
101181
101187
101188
101194
101195
101201
101202
101208
101209
101210
101211
101215
101216
101222
101223
101229
101230
101236
101237
101243
101244
101250
101251
101256
101257
101258
101264
101265
101271
101272
101278
101279
101282
101285
101286
101292
101293
101299
101300
101306
101307
101313
101314
101318
101320
101321
101327
101328
101334
101335
101341
101342
101348
101349
101355
101356
101362
101363
101369
101370
101376
101377
101383
101384
101390
101391
101397
101398
101404
101405
101411
101412
101418
101419
101421
101425
101426
101432
101433
101439
101440
101446
101447
101453
101454
101456
101460
101461
101467
101468
101474
101475
101477
101481
101482
101488
101489
101490
101495
101496
101502
101503
101509
101510
101516
101517
101523
101524
101530
101531
101537
101538
101544
101545
101551
101552
101558
101559
101565
101566
101572
101573
101579
101580
101586
101587
101593
101594
101595
101596
101600
101601
101607
101608
101614
101615
101621
101622
101628
101629
101635
101636
101641
101642
101643
101648
101649
101650
101656
101657
101658
101663
101664
101670
101671
101677
101678
101684
101685
101691
101692
101698
101699
101703
101705
101706
101712
101713
101719
101720
101726
101727
101733
101734
101740
101741
101747
101748
101754
101755
101761
101762
101768
101769
101775
101776
101782
101783
101787
101789
101790
101796
101797
101803
101804
101810
101811
101817
101818
101822
101824
101825
101831
101832
101838
101839
101843
101845
101846
101852
101853
101856
101859
101860
101866
101867
101873
101874
101880
101881
101887
101888
101894
101895
101896
101901
101902
101903
101908
101909
101915
101916
101922
101923
101929
101930
101936
101937
101943
101944
101945
101946
101950
101951
101957
101958
101964
101965
101971
101972
101978
101979
101985
101986
101991
101992
101993
101999
102000
102006
102007
102013
102014
102020
102021
102023
102027
102028
102034
102035
102041
102042
102048
102049
102053
102055
102056
102062
102063
102069
102070
102076
102077
102083
102084
102090
102091
102097
102098
102104
102105
102111
102112
102118
102119
102125
102126
102132
102133
102139
102140
102146
102147
102152
102153
102154
102160
102161
102167
102168
102174
102175
102181
102182
102187
102188
102189
102195
102196
102202
102203
102208
102209
102210
102216
102217
102221
102223
102224
102230
102231
102237
102238
102244
102245
102251
102252
102258
102259
102261
102265
102266
102268
102272
102273
102279
102280
102286
102287
102293
102294
102300
102301
102307
102308
102314
102315
102321
102322
102328
102329
102330
102331
102335
102336
102342
102343
102349
102350
102356
102357
102363
102364
102370
102371
102376
102377
102378
102384
102385
102388
102391
102392
102398
102399
102405
102406
102412
102413
102419
102420
102426
102427
102433
102434
102438
102440
102441
102447
102448
102454
102455
102461
102462
102468
102469
102475
102476
102482
102483
102489
102490
102496
102497
102503
102504
102510
102511
102517
102518
102524
102525
102531
102532
102538
102539
102545
102546
102552
102553
102559
102560
102566
102567
102573
102574
102580
102581
102586
102587
102588
102594
102595
102601
102602
102608
102609
102615
102616
102622
102623
102626
102629
102630
102633
102636
102637
102643
102644
102650
102651
102657
102658
102664
102665
102671
102672
102678
102679
102685
102686
102687
102688
102692
102693
102699
102700
102706
102707
102713
102714
102720
102721
102727
102728
102733
102734
102735
102741
102742
102743
102748
102749
102753
102755
102756
102762
102763
102769
102770
102776
102777
102783
102784
102790
102791
102795
102797
102798
102804
102805
102811
102812
102818
102819
102825
102826
102832
102833
102839
102840
102846
102847
102853
102854
102860
102861
102867
102868
102874
102875
102881
102882
102888
102889
102895
102896
102902
102903
102909
102910
102916
102917
102923
102924
102930
102931
102937
102938
102944
102945
102951
102952
102958
102959
102965
102966
102972
102973
102979
102980
102986
102987
102991
102993
102994
102998
103000
103001
103007
103008
103014
103015
103021
103022
103028
103029
103035
103036
103037
103038
103042
103043
103049
103050
103056
103057
103063
103064
103070
103071
103077
103078
103083
103084
103085
103091
103092
103098
103099
103105
103106
103109
103112
103113
103119
103120
103126
103127
103133
103134
103140
103141
103145
103147
103148
103154
103155
103161
103162
103168
103169
103175
103176
103182
103183
103189
103190
103196
103197
103203
103204
103210
103211
103217
103218
103224
103225
103231
103232
103238
103239
103245
103246
103248
103252
103253
103259
103260
103266
103267
103273
103274
103280
103281
103283
103287
103288
103294
103295
103301
103302
103304
103308
103309
103315
103316
103317
103322
103323
103329
103330
103336
103337
103343
103344
103350
103351
103357
103358
103364
103365
103371
103372
103378
103379
103385
103386
103392
103393
103399
103400
103406
103407
103413
103414
103420
103421
103422
103423
103427
103428
103434
103435
103441
103442
103448
103449
103455
103456
103462
103463
103468
103469
103470
103474
103476
103477
103483
103484
103490
103491
103497
103498
103504
103505
103511
103512
103518
103519
103525
103526
103530
103532
103533
103539
103540
103546
103547
103553
103554
103560
103561
103567
103568
103574
103575
103581
103582
103588
103589
103595
103596
103602
103603
103609
103610
103613
103616
103617
103623
103624
103630
103631
103637
103638
103644
103645
103648
103651
103652
103658
103659
103665
103666
103669
103672
103673
103679
103680
103682
103686
103687
103693
103694
103700
103701
103707
103708
103714
103715
103721
103722
103728
103729
103735
103736
103742
103743
103749
103750
103756
103757
103763
103764
103770
103771
103777
103778
103779
103780
103784
103785
103791
103792
103798
103799
103805
103806
103812
103813
103819
103820
103825
103826
103827
103833
103834
103839
103840
103841
103847
103848
103849
103854
103855
103861
103862
103868
103869
103875
103876
103882
103883
103887
103889
103890
103896
103897
103903
103904
103910
103911
103917
103918
103924
103925
103931
103932
103938
103939
103945
103946
103952
103953
103959
103960
103966
103967
103973
103974
103978
103980
103981
103987
103988
103994
103995
104001
104002
104008
104009
104013
104015
104016
104022
104023
104029
104030
104034
104036
104037
104043
104044
104047
104050
104051
104057
104058
104064
104065
104071
104072
104078
104079
104085
104086
104087
104092
104093
104094
104099
104100
104106
104107
104113
104114
104120
104121
104127
104128
104129
104130
104134
104135
104141
104142
104148
104149
104155
104156
104162
104163
104169
104170
104175
104176
104177
104183
104184
104190
104191
104197
104198
104204
104205
104211
104212
104214
104218
104219
104225
104226
104232
104233
104237
104239
104240
104246
104247
104253
104254
104260
104261
104267
104268
104274
104275
104281
104282
104288
104289
104295
104296
104302
104303
104309
104310
104316
104317
104323
104324
104330
104331
104337
104338
104343
104344
104345
104351
104352
104358
104359
104365
104366
104372
104373
104378
104379
104380
104386
104387
104393
104394
104399
104400
104401
104407
104408
104412
104414
104415
104421
104422
104428
104429
104435
104436
104442
104443
104449
104450
104452
104456
104457
104459
104463
104464
104470
104471
104477
104478
104484
104485
104491
104492
104498
104499
104505
104506
104512
104513
104514
104515
104519
104520
104526
104527
104533
104534
104540
104541
104547
104548
104554
104555
104560
104561
104562
104568
104569
104570
104575
104576
104580
104582
104583
104589
104590
104596
104597
104603
104604
104610
104611
104617
104618
104622
104624
104625
104631
104632
104638
104639
104645
104646
104652
104653
104659
104660
104666
104667
104673
104674
104680
104681
104687
104688
104694
104695
104701
104702
104708
104709
104715
104716
104722
104723
104729
104730
104736
104737
104743
104744
104750
104751
104757
104758
104764
104765
104771
104772
104778
104779
104785
104786
104792
104793
104799
104800
104806
104807
104813
104814
104818
104820
104821
104825
104827
104828
104834
104835
104841
104842
104848
104849
104855
104856
104862
104863
104869
104870
104871
104872
104876
104877
104883
104884
104890
104891
104897
104898
104904
104905
104911
104912
104917
104918
104919
104925
104926
104932
104933
104935
104939
104940
104945
104946
104947
104953
104954
104960
104961
104967
104968
104974
104975
104979
104981
104982
104988
104989
104995
104996
105002
105003
105009
105010
105016
105017
105023
105024
105030
105031
105037
105038
105044
105045
105051
105052
105058
105059
105065
105066
105072
105073
105074
105079
105080
105086
105087
105093
105094
105100
105101
105107
105108
105109
105114
105115
105121
105122
105128
105129
105130
105135
105136
105142
105143
105149
105150
105156
105157
105163
105164
105170
105171
105177
105178
105183
105184
105185
105190
105191
105192
105198
105199
105205
105206
105212
105213
105219
105220
105226
105227
105233
105234
105240
105241
105247
105248
105254
105255
105256
105257
105261
105262
105268
105269
105275
105276
105282
105283
105289
105290
105296
105297
105300
105302
105303
105304
105310
105311
105317
105318
105324
105325
105331
105332
105338
105339
105345
105346
105352
105353
105359
105360
105364
105366
105367
105373
105374
105380
105381
105387
105388
105394
105395
105401
105402
105408
105409
105415
105416
105422
105423
105429
105430
105436
105437
105439
105443
105444
105450
105451
105457
105458
105464
105465
105471
105472
105474
105478
105479
105485
105486
105492
105493
105495
105499
105500
105506
105507
105508
105513
105514
105520
105521
105527
105528
105534
105535
105541
105542
105548
105549
105555
105556
105562
105563
105569
105570
105576
105577
105583
105584
105590
105591
105597
105598
105604
105605
105606
105607
105611
105612
105618
105619
105625
105626
105632
105633
105639
105640
105646
105647
105652
105653
105654
105660
105661
105665
105667
105668
105674
105675
105681
105682
105688
105689
105695
105696
105702
105703
105709
105710
105714
105716
105717
105723
105724
105730
105731
105737
105738
105744
105745
105751
105752
105758
105759
105765
105766
105772
105773
105779
105780
105786
105787
105793
105794
105800
105801
105804
105807
105808
105814
105815
105821
105822
105828
105829
105835
105836
105839
105842
105843
105849
105850
105856
105857
105860
105863
105864
105870
105871
105873
105877
105878
105884
105885
105891
105892
105898
105899
105905
105906
105912
105913
105919
105920
105926
105927
105933
105934
105940
105941
105947
105948
105954
105955
105961
105962
105963
105964
105968
105969
105975
105976
105982
105983
105989
105990
105996
105997
106003
106004
106009
106010
106011
106017
106018
106024
106025
106031
106032
106038
106039
106041
106045
106046
106052
106053
106059
106060
106066
106067
106071
106073
106074
106080
106081
106087
106088
106094
106095
106101
106102
106108
106109
106115
106116
106122
106123
106129
106130
106136
106137
106143
106144
106150
106151
106157
106158
106164
106165
106170
106171
106172
106178
106179
106185
106186
106192
106193
106199
106200
106205
106206
106207
106213
106214
106220
106221
106226
106227
106228
106234
106235
106239
106241
106242
106248
106249
106255
106256
106262
106263
106269
106270
106276
106277
106279
106283
106284
106286
106290
106291
106297
106298
106304
106305
106311
106312
106318
106319
106325
106326
106332
106333
106339
106340
106346
106347
106348
106349
106353
106354
106360
106361
106367
106368
106374
106375
106381
106382
106388
106389
106394
106395
106396
106402
106403
106406
106409
106410
106416
106417
106423
106424
106430
106431
106437
106438
106444
106445
106451
106452
106456
106458
106459
106465
106466
106472
106473
106479
106480
106486
106487
106493
106494
106500
106501
106507
106508
106514
106515
106521
106522
106528
106529
106535
106536
106542
106543
106549
106550
106556
106557
106563
106564
106570
106571
106577
106578
106584
106585
106591
106592
106598
106599
106604
106605
106606
106612
106613
106619
106620
106626
106627
106633
106634
106640
106641
106644
106647
106648
106651
106654
106655
106661
106662
106668
106669
106675
106676
106682
106683
106689
106690
106696
106697
106698
106699
106703
106704
106710
106711
106717
106718
106724
106725
106731
106732
106738
106739
106744
106745
106746
106752
106753
106759
106760
106761
106766
106767
106771
106773
106774
106780
106781
106787
106788
106794
106795
106801
106802
106806
106808
106809
106815
106816
106822
106823
106829
106830
106836
106837
106843
106844
106850
106851
106857
106858
106864
106865
106871
106872
106878
106879
106885
106886
106892
106893
106899
106900
106906
106907
106913
106914
106920
106921
106927
106928
106934
106935
106941
106942
106948
106949
106955
106956
106962
106963
106969
106970
106976
106977
106983
106984
106990
106991
106997
106998
107004
107005
107009
107011
107012
107016
107018
107019
107025
107026
107032
107033
107039
107040
107046
107047
107053
107054
107055
107056
107060
107061
107067
107068
107074
107075
107081
107082
107088
107089
107095
107096
107101
107102
107103
107109
107110
107116
107117
107123
107124
107126
107130
107131
107136
107137
107138
107144
107145
107151
107152
107158
107159
107163
107165
107166
107172
107173
107179
107180
107186
107187
107193
107194
107200
107201
107207
107208
107214
107215
107221
107222
107228
107229
107235
107236
107242
107243
107249
107250
107256
107257
107263
107264
107265
107270
107271
107277
107278
107284
107285
107291
107292
107298
107299
107300
107305
107306
107312
107313
107319
107320
107321
107326
107327
107333
107334
107340
107341
107347
107348
107354
107355
107361
107362
107368
107369
107374
107375
107376
107381
107382
107383
107389
107390
107396
107397
107403
107404
107410
107411
107417
107418
107424
107425
107431
107432
107438
107439
107440
107441
107445
107446
107452
107453
107459
107460
107466
107467
107473
107474
107480
107481
107486
107487
107488
107492
107494
107495
107501
107502
107508
107509
107515
107516
107522
107523
107529
107530
107536
107537
107543
107544
107548
107550
107551
107557
107558
107564
107565
107571
107572
107578
107579
107585
107586
107592
107593
107599
107600
107606
107607
107613
107614
107620
107621
107627
107628
107631
107634
107635
107641
107642
107648
107649
107655
107656
107662
107663
107666
107669
107670
107676
107677
107683
107684
107687
107690
107691
107697
107698
107700
107704
107705
107711
107712
107718
107719
107725
107726
107732
107733
107739
107740
107746
107747
107753
107754
107760
107761
107767
107768
107774
107775
107781
107782
107788
107789
107790
107791
107795
107796
107802
107803
107809
107810
107816
107817
107823
107824
107830
107831
107836
107837
107838
107844
107845
107851
107852
107857
107858
107859
107865
107866
107867
107872
107873
107879
107880
107886
107887
107893
107894
107898
107900
107901
107907
107908
107914
107915
107921
107922
107928
107929
107935
107936
107942
107943
107949
107950
107956
107957
107963
107964
107970
107971
107977
107978
107984
107985
107991
107992
107996
107998
107999
108005
108006
108012
108013
108019
108020
108026
108027
108031
108033
108034
108040
108041
108047
108048
108052
108054
108055
108061
108062
108065
108068
108069
108075
108076
108082
108083
108089
108090
108096
108097
108103
108104
108105
108110
108111
108112
108117
108118
108124
108125
108131
108132
108138
108139
108145
108146
108147
108148
108152
108153
108159
108160
108166
108167
108173
108174
108180
108181
108187
108188
108193
108194
108195
108201
108202
108208
108209
108215
108216
108222
108223
108229
108230
108232
108236
108237
108243
108244
108250
108251
108255
108257
108258
108264
108265
108271
108272
108278
108279
108285
108286
108292
108293
108299
108300
108306
108307
108313
108314
108320
108321
108327
108328
108334
108335
108341
108342
108348
108349
108355
108356
108361
108362
108363
108369
108370
108376
108377
108383
108384
108390
108391
108396
108397
108398
108404
108405
108411
108412
108417
108418
108419
108425
108426
108430
108432
108433
108439
108440
108446
108447
108453
108454
108460
108461
108467
108468
108470
108474
108475
108477
108481
108482
108488
108489
108495
108496
108502
108503
108509
108510
108516
108517
108523
108524
108530
108531
108532
108533
108537
108538
108544
108545
108551
108552
108558
108559
108565
108566
108572
108573
108578
108579
108580
108586
108587
108593
108594
108597
108600
108601
108607
108608
108614
108615
108621
108622
108628
108629
108635
108636
108640
108642
108643
108649
108650
108656
108657
108663
108664
108670
108671
108677
108678
108684
108685
108691
108692
108698
108699
108705
108706
108712
108713
108719
108720
108726
108727
108733
108734
108740
108741
108747
108748
108754
108755
108761
108762
108768
108769
108775
108776
108782
108783
108789
108790
108795
108796
108797
108803
108804
108810
108811
108817
108818
108824
108825
108831
108832
108835
108838
108839
108842
108845
108846
108852
108853
108859
108860
108866
108867
108873
108874
108880
108881
108887
108888
108889
108890
108894
108895
108901
108902
108908
108909
108915
108916
108922
108923
108929
108930
108935
108936
108937
108943
108944
108950
108951
108953
108957
108958
108963
108964
108965
108971
108972
108978
108979
108985
108986
108992
108993
108997
108999
109000
109006
109007
109013
109014
109020
109021
109027
109028
109034
109035
109041
109042
109048
109049
109055
109056
109062
109063
109069
109070
109076
109077
109083
109084
109090
109091
109092
109097
109098
109104
109105
109111
109112
109118
109119
109125
109126
109127
109132
109133
109139
109140
109146
109147
109148
109153
109154
109160
109161
109167
109168
109174
109175
109181
109182
109188
109189
109195
109196
109201
109202
109203
109208
109209
109210
109216
109217
109223
109224
109230
109231
109237
109238
109244
109245
109251
109252
109258
109259
109265
109266
109267
109268
109272
109273
109279
109280
109286
109287
109293
109294
109300
109301
109307
109308
109313
109314
109315
109318
109321
109322
109328
109329
109335
109336
109342
109343
109349
109350
109356
109357
109363
109364
109370
109371
109375
109377
109378
109384
109385
109391
109392
109398
109399
109405
109406
109412
109413
109419
109420
109426
109427
109433
109434
109440
109441
109447
109448
109454
109455
109457
109461
109462
109468
109469
109475
109476
109482
109483
109489
109490
109492
109496
109497
109503
109504
109510
109511
109513
109517
109518
109524
109525
109526
109531
109532
109538
109539
109545
109546
109552
109553
109559
109560
109566
109567
109573
109574
109580
109581
109587
109588
109594
109595
109601
109602
109608
109609
109615
109616
109622
109623
109624
109625
109629
109630
109636
109637
109643
109644
109650
109651
109657
109658
109664
109665
109670
109671
109672
109678
109679
109683
109685
109686
109692
109693
109699
109700
109706
109707
109713
109714
109720
109721
109727
109728
109732
109734
109735
109741
109742
109748
109749
109755
109756
109762
109763
109769
109770
109776
109777
109783
109784
109790
109791
109797
109798
109804
109805
109811
109812
109818
109819
109822
109825
109826
109832
109833
109839
109840
109846
109847
109853
109854
109857
109860
109861
109867
109868
109874
109875
109878
109881
109882
109888
109889
109891
109895
109896
109902
109903
109909
109910
109916
109917
109923
109924
109930
109931
109937
109938
109944
109945
109951
109952
109958
109959
109965
109966
109972
109973
109979
109980
109981
109982
109986
109987
109993
109994
110000
110001
110007
110008
110014
110015
110021
110022
110027
110028
110029
110035
110036
110042
110043
110048
110049
110050
110056
110057
110058
110063
110064
110070
110071
110077
110078
110084
110085
110089
110091
110092
110098
110099
110105
110106
110112
110113
110119
110120
110126
110127
110133
110134
110140
110141
110147
110148
110154
110155
110161
110162
110168
110169
110175
110176
110182
110183
110187
110189
110190
110196
110197
110203
110204
110210
110211
110217
110218
110222
110224
110225
110231
110232
110238
110239
110243
110245
110246
110252
110253
110256
110259
110260
110266
110267
110273
110274
110280
110281
110287
110288
110294
110295
110296
110301
110302
110303
110308
110309
110315
110316
110322
110323
110329
110330
110336
110337
110343
110344
110350
110351
110357
110358
110364
110365
110366
110367
110371
110372
110378
110379
110385
110386
110392
110393
110399
110400
110406
110407
110412
110413
110414
110420
110421
110424
110427
110428
110434
110435
110441
110442
110448
110449
110455
110456
110462
110463
110469
110470
110474
110476
110477
110483
110484
110490
110491
110497
110498
110504
110505
110511
110512
110518
110519
110525
110526
110532
110533
110539
110540
110546
110547
110553
110554
110560
110561
110567
110568
110574
110575
110581
110582
110588
110589
110595
110596
110602
110603
110609
110610
110616
110617
110622
110623
110624
110630
110631
110637
110638
110644
110645
110651
110652
110658
110659
110662
110665
110666
110669
110672
110673
110679
110680
110686
110687
110693
110694
110700
110701
110707
110708
110714
110715
110716
110717
110721
110722
110728
110729
110735
110736
110742
110743
110749
110750
110756
110757
110762
110763
110764
110770
110771
110777
110778
110779
110784
110785
110789
110791
110792
110798
110799
110805
110806
110812
110813
110819
110820
110824
110826
110827
110833
110834
110840
110841
110847
110848
110854
110855
110861
110862
110868
110869
110875
110876
110882
110883
110889
110890
110896
110897
110903
110904
110910
110911
110917
110918
110924
110925
110931
110932
110938
110939
110945
110946
110952
110953
110959
110960
110966
110967
110973
110974
110980
110981
110987
110988
110994
110995
111001
111002
111008
111009
111015
111016
111022
111023
111027
111029
111030
111034
111036
111037
111043
111044
111050
111051
111057
111058
111064
111065
111071
111072
111073
111074
111078
111079
111085
111086
111092
111093
111099
111100
111106
111107
111113
111114
111119
111120
111121
111127
111128
111134
111135
111141
111142
111144
111148
111149
111154
111155
111156
111162
111163
111169
111170
111176
111177
111181
111183
111184
111190
111191
111197
111198
111204
111205
111211
111212
111218
111219
111225
111226
111232
111233
111239
111240
111246
111247
111253
111254
111260
111261
111267
111268
111274
111275
111281
111282
111283
111288
111289
111295
111296
111302
111303
111309
111310
111316
111317
111318
111323
111324
111330
111331
111337
111338
111339
111344
111345
111351
111352
111358
111359
111365
111366
111372
111373
111379
111380
111386
111387
111392
111393
111394
111399
111400
111401
111407
111408
111414
111415
111421
111422
111428
111429
111435
111436
111442
111443
111449
111450
111456
111457
111458
111459
111463
111464
111470
111471
111477
111478
111484
111485
111491
111492
111498
111499
111504
111505
111506
111509
111512
111513
111519
111520
111526
111527
111533
111534
111540
111541
111547
111548
111554
111555
111561
111562
111566
111568
111569
111575
111576
111582
111583
111589
111590
111596
111597
111603
111604
111610
111611
111617
111618
111624
111625
111631
111632
111638
111639
111645
111646
111648
111652
111653
111659
111660
111666
111667
111673
111674
111680
111681
111683
111687
111688
111694
111695
111701
111702
111704
111708
111709
111715
111716
111717
111722
111723
111729
111730
111736
111737
111743
111744
111750
111751
111757
111758
111764
111765
111771
111772
111778
111779
111785
111786
111792
111793
111799
111800
111806
111807
111808
111809
111813
111814
111820
111821
111827
111828
111834
111835
111841
111842
111848
111849
111854
111855
111856
111862
111863
111869
111870
111875
111876
111877
111883
111884
111885
111890
111891
111897
111898
111904
111905
111911
111912
111916
111918
111919
111925
111926
111932
111933
111939
111940
111946
111947
111953
111954
111960
111961
111967
111968
111974
111975
111981
111982
111988
111989
111995
111996
112002
112003
112009
112010
112014
112016
112017
112023
112024
112030
112031
112037
112038
112044
112045
112049
112051
112052
112058
112059
112065
112066
112070
112072
112073
112079
112080
112083
112086
112087
112093
112094
112100
112101
112107
112108
112114
112115
112121
112122
112123
112128
112129
112130
112135
112136
112142
112143
112149
112150
112156
112157
112163
112164
112170
112171
112177
112178
112184
112185
112191
112192
112193
112194
112198
112199
112205
112206
112212
112213
112219
112220
112226
112227
112233
112234
112239
112240
112241
112247
112248
112250
112254
112255
112261
112262
112268
112269
112275
112276
112282
112283
112289
112290
112296
112297
112301
112303
112304
112310
112311
112317
112318
112324
112325
112331
112332
112338
112339
112345
112346
112352
112353
112359
112360
112366
112367
112373
112374
112379
112380
112381
112387
112388
112394
112395
112401
112402
112408
112409
112414
112415
112416
112422
112423
112429
112430
112435
112436
112437
112443
112444
112448
112450
112451
112457
112458
112464
112465
112471
112472
112478
112479
112485
112486
112488
112492
112493
112495
112499
112500
112506
112507
112513
112514
112520
112521
112527
112528
112534
112535
112541
112542
112548
112549
112550
112551
112555
112556
112562
112563
112569
112570
112576
112577
112583
112584
112590
112591
112596
112597
112598
112604
112605
112611
112612
112615
112618
112619
112625
112626
112632
112633
112639
112640
112646
112647
112653
112654
112658
112660
112661
112667
112668
112674
112675
112681
112682
112688
112689
112695
112696
112702
112703
112709
112710
112716
112717
112723
112724
112730
112731
112737
112738
112744
112745
112751
112752
112758
112759
112765
112766
112772
112773
112779
112780
112786
112787
112793
112794
112800
112801
112807
112808
112813
112814
112815
112821
112822
112828
112829
112835
112836
112842
112843
112849
112850
112853
112856
112857
112860
112863
112864
112870
112871
112877
112878
112884
112885
112891
112892
112898
112899
112900
112901
112905
112906
112912
112913
112919
112920
112926
112927
112933
112934
112940
112941
112946
112947
112948
112954
112955
112961
112962
112968
112969
112970
112975
112976
112980
112982
112983
112989
112990
112996
112997
113003
113004
113008
113010
113011
113017
113018
113024
113025
113031
113032
113038
113039
113045
113046
113052
113053
113059
113060
113066
113067
113073
113074
113080
113081
113087
113088
113094
113095
113101
113102
113108
113109
113115
113116
113122
113123
113129
113130
113136
113137
113143
113144
113150
113151
113157
113158
113164
113165
113171
113172
113178
113179
113185
113186
113192
113193
113199
113200
113206
113207
113213
113214
113218
113220
113221
113225
113227
113228
113234
113235
113241
113242
113248
113249
113255
113256
113262
113263
113269
113270
113276
113277
113283
113284
113285
113286
113290
113291
113297
113298
113304
113305
113311
113312
113318
113319
113325
113326
113331
113332
113333
113336
113339
113340
113346
113347
113353
113354
113360
113361
113367
113368
113374
113375
113381
113382
113388
113389
113393
113395
113396
113402
113403
113409
113410
113416
113417
113423
113424
113430
113431
113437
113438
113444
113445
113451
113452
113458
113459
113465
113466
113472
113473
113475
113479
113480
113486
113487
113493
113494
113500
113501
113507
113508
113510
113514
113515
113521
113522
113528
113529
113531
113535
113536
113542
113543
113544
113549
113550
113556
113557
113563
113564
113570
113571
113577
113578
113584
113585
113591
113592
113598
113599
113605
113606
113612
113613
113619
113620
113626
113627
113633
113634
113640
113641
113642
113643
113647
113648
113654
113655
113661
113662
113668
113669
113675
113676
113682
113683
113688
113689
113690
113696
113697
113701
113703
113704
113710
113711
113717
113718
113724
113725
113731
113732
113738
113739
113745
113746
113750
113752
113753
113759
113760
113766
113767
113773
113774
113780
113781
113787
113788
113794
113795
113801
113802
113808
113809
113815
113816
113822
113823
113829
113830
113836
113837
113840
113843
113844
113850
113851
113857
113858
113864
113865
113871
113872
113875
113878
113879
113885
113886
113892
113893
113896
113899
113900
113906
113907
113909
113913
113914
113920
113921
113927
113928
113934
113935
113941
113942
113948
113949
113955
113956
113962
113963
113969
113970
113976
113977
113983
113984
113990
113991
113992
113993
113997
113998
114004
114005
114011
114012
114018
114019
114025
114026
114032
114033
114038
114039
114040
114046
114047
114053
114054
114060
114061
114066
114067
114068
114074
114075
114076
114081
114082
114088
114089
114095
114096
114100
114102
114103
114109
114110
114116
114117
114123
114124
114130
114131
114137
114138
114144
114145
114151
114152
114158
114159
114165
114166
114172
114173
114179
114180
114186
114187
114193
114194
114200
114201
114205
114207
114208
114214
114215
114221
114222
114228
114229
114235
114236
114240
114242
114243
114249
114250
114256
114257
114261
114263
114264
114270
114271
114274
114277
114278
114284
114285
114291
114292
114298
114299
114305
114306
114312
114313
114314
114319
114320
114321
114326
114327
114333
114334
114340
114341
114347
114348
114354
114355
114361
114362
114368
114369
114375
114376
114377
114378
114382
114383
114389
114390
114396
114397
114403
114404
114410
114411
114417
114418
114423
114424
114425
114431
114432
114438
114439
114441
114445
114446
114452
114453
114459
114460
114466
114467
114473
114474
114480
114481
114485
114487
114488
114494
114495
114501
114502
114508
114509
114515
114516
114522
114523
114529
114530
114536
114537
114543
114544
114550
114551
114557
114558
114564
114565
114570
114571
114572
114578
114579
114585
114586
114592
114593
114599
114600
114605
114606
114607
114613
114614
114620
114621
114626
114627
114628
114634
114635
114639
114641
114642
114648
114649
114655
114656
114662
114663
114669
114670
114676
114677
114679
114683
114684
114686
114690
114691
114697
114698
114704
114705
114711
114712
114718
114719
114725
114726
114732
114733
114734
114735
114739
114740
114746
114747
114753
114754
114760
114761
114767
114768
114774
114775
114780
114781
114782
114788
114789
114795
114796
114797
114802
114803
114807
114809
114810
114816
114817
114823
114824
114830
114831
114837
114838
114842
114844
114845
114851
114852
114858
114859
114865
114866
114872
114873
114879
114880
114886
114887
114893
114894
114900
114901
114907
114908
114914
114915
114921
114922
114928
114929
114935
114936
114942
114943
114949
114950
114956
114957
114963
114964
114970
114971
114977
114978
114984
114985
114991
114992
114998
114999
115005
115006
115012
115013
115019
115020
115026
115027
115033
115034
115040
115041
115045
115047
115048
115052
115054
115055
115061
115062
115068
115069
115075
115076
115082
115083
115084
115085
115089
115090
115096
115097
115103
115104
115110
115111
115117
115118
115124
115125
115130
115131
115132
115138
115139
115145
115146
115152
115153
115159
115160
115162
115166
115167
115172
115173
115174
115180
115181
115187
115188
115192
115194
115195
115201
115202
115208
115209
115215
115216
115222
115223
115229
115230
115236
115237
115243
115244
115250
115251
115257
115258
115264
115265
115271
115272
115278
115279
115285
115286
115292
115293
115299
115300
115301
115306
115307
115313
115314
115320
115321
115327
115328
115334
115335
115336
115341
115342
115348
115349
115355
115356
115357
115362
115363
115369
115370
115376
115377
115383
115384
115390
115391
115397
115398
115404
115405
115410
115411
115412
115417
115418
115419
115425
115426
115432
115433
115439
115440
115446
115447
115453
115454
115460
115461
115467
115468
115469
115470
115474
115475
115481
115482
115488
115489
115495
115496
115502
115503
115509
115510
115515
115516
115517
115523
115524
115527
115530
115531
115537
115538
115544
115545
115551
115552
115558
115559
115565
115566
115572
115573
115577
115579
115580
115586
115587
115593
115594
115600
115601
115607
115608
115614
115615
115621
115622
115628
115629
115635
115636
115642
115643
115649
115650
115656
115657
115663
115664
115666
115670
115671
115677
115678
115684
115685
115691
115692
115698
115699
115701
115705
115706
115712
115713
115719
115720
115722
115726
115727
115733
115734
115735
115740
115741
115747
115748
115754
115755
115761
115762
115768
115769
115775
115776
115782
115783
115789
115790
115796
115797
115803
115804
115810
115811
115817
115818
115824
115825
115826
115827
115831
115832
115838
115839
115845
115846
115852
115853
115859
115860
115866
115867
115872
115873
115874
115880
115881
115887
115888
115892
115894
115895
115901
115902
115908
115909
115915
115916
115922
115923
115929
115930
115934
115936
115937
115943
115944
115950
115951
115957
115958
115964
115965
115971
115972
115978
115979
115985
115986
115992
115993
115999
116000
116006
116007
116013
116014
116020
116021
116027
116028
116031
116034
116035
116041
116042
116048
116049
116055
116056
116062
116063
116066
116069
116070
116076
116077
116083
116084
116087
116090
116091
116097
116098
116100
116104
116105
116111
116112
116118
116119
116125
116126
116132
116133
116139
116140
116146
116147
116153
116154
116160
116161
116167
116168
116174
116175
116181
116182
116188
116189
116195
116196
116202
116203
116209
116210
116211
116212
116216
116217
116223
116224
116230
116231
116237
116238
116244
116245
116251
116252
116257
116258
116259
116265
116266
116268
116272
116273
116279
116280
116286
116287
116293
116294
116300
116301
116307
116308
116314
116315
116319
116321
116322
116328
116329
116335
116336
116342
116343
116349
116350
116356
116357
116363
116364
116370
116371
116377
116378
116384
116385
116391
116392
116397
116398
116399
116405
116406
116412
116413
116419
116420
116426
116427
116432
116433
116434
116440
116441
116447
116448
116453
116454
116455
116461
116462
116466
116468
116469
116475
116476
116482
116483
116489
116490
116496
116497
116503
116504
116506
116510
116511
116513
116517
116518
116524
116525
116531
116532
116538
116539
116545
116546
116552
116553
116559
116560
116561
116562
116566
116567
116573
116574
116580
116581
116587
116588
116594
116595
116601
116602
116607
116608
116609
116615
116616
116622
116623
116629
116630
116633
116636
116637
116643
116644
116650
116651
116657
116658
116664
116665
116669
116671
116672
116678
116679
116685
116686
116692
116693
116699
116700
116706
116707
116713
116714
116720
116721
116727
116728
116734
116735
116741
116742
116748
116749
116755
116756
116762
116763
116769
116770
116776
116777
116783
116784
116790
116791
116797
116798
116804
116805
116811
116812
116818
116819
116825
116826
116831
116832
116833
116839
116840
116846
116847
116853
116854
116860
116861
116867
116868
116871
116874
116875
116878
116881
116882
116888
116889
116895
116896
116902
116903
116909
116910
116916
116917
116918
116919
116923
116924
116930
116931
116937
116938
116944
116945
116951
116952
116958
116959
116964
116965
116966
116972
116973
116979
116980
116986
116987
116988
116993
116994
116998
117000
117001
117007
117008
117014
117015
117021
117022
117026
117028
117029
117035
117036
117042
117043
117049
117050
117056
117057
117063
117064
117070
117071
117077
117078
117084
117085
117091
117092
117098
117099
117105
117106
117112
117113
117119
117120
117126
117127
117133
117134
117140
117141
117147
117148
117154
117155
117161
117162
117168
117169
117175
117176
117182
117183
117189
117190
117196
117197
117203
117204
117210
117211
117217
117218
117224
117225
117231
117232
117236
117238
117239
117243
117245
117246
117252
117253
117259
117260
117266
117267
117273
117274
117280
117281
117287
117288
117294
117295
117301
117302
117303
117304
117308
117309
117315
117316
117322
117323
117329
117330
117336
117337
117343
117344
117349
117350
117351
117353
117357
117358
117363
117364
117365
117371
117372
117378
117379
117385
117386
117392
117393
117399
117400
117406
117407
117411
117413
117414
117420
117421
117427
117428
117434
117435
117441
117442
117448
117449
117455
117456
117462
117463
117469
117470
117476
117477
117483
117484
117490
117491
117492
117497
117498
117504
117505
117511
117512
117518
117519
117525
117526
117527
117532
117533
117539
117540
117546
117547
117548
117553
117554
117560
117561
117567
117568
117574
117575
117581
117582
117588
117589
117595
117596
117601
117602
117603
117608
117609
117610
117616
117617
117623
117624
117630
117631
117637
117638
117644
117645
117651
117652
117658
117659
117660
117661
117665
117666
117672
117673
117679
117680
117686
117687
117693
117694
117700
117701
117706
117707
117708
117714
117715
117719
117721
117722
117728
117729
117735
117736
117742
117743
117749
117750
117756
117757
117763
117764
117768
117770
117771
117777
117778
117784
117785
117791
117792
117798
117799
117805
117806
117812
117813
117819
117820
117826
117827
117833
117834
117840
117841
117847
117848
117854
117855
117858
117861
117862
117868
117869
117875
117876
117882
117883
117889
117890
117893
117896
117897
117903
117904
117910
117911
117914
117917
117918
117924
117925
117927
117931
117932
117938
117939
117945
117946
117952
117953
117959
117960
117966
117967
117973
117974
117980
117981
117987
117988
117994
117995
118001
118002
118008
118009
118010
118011
118015
118016
118022
118023
118029
118030
118036
118037
118043
118044
118050
118051
118056
118057
118058
118064
118065
118071
118072
118078
118079
118084
118085
118086
118092
118093
118094
118099
118100
118106
118107
118113
118114
118118
118120
118121
118127
118128
118134
118135
118141
118142
118148
118149
118155
118156
118162
118163
118169
118170
118176
118177
118183
118184
118190
118191
118197
118198
118204
118205
118211
118212
118218
118219
118223
118225
118226
118232
118233
118239
118240
118246
118247
118253
118254
118258
118260
118261
118267
118268
118274
118275
118279
118281
118282
118288
118289
118292
118295
118296
118302
118303
118309
118310
118316
118317
118323
118324
118330
118331
118332
118337
118338
118339
118344
118345
118351
118352
118358
118359
118365
118366
118372
118373
118379
118380
118386
118387
118393
118394
118395
118396
118400
118401
118407
118408
118414
118415
118421
118422
118428
118429
118435
118436
118441
118442
118443
118449
118450
118456
118457
118459
118463
118464
118470
118471
118477
118478
118484
118485
118491
118492
118498
118499
118503
118505
118506
118512
118513
118519
118520
118526
118527
118533
118534
118540
118541
118547
118548
118554
118555
118561
118562
118568
118569
118575
118576
118582
118583
118588
118589
118590
118596
118597
118603
118604
118610
118611
118617
118618
118623
118624
118625
118631
118632
118638
118639
118644
118645
118646
118652
118653
118657
118659
118660
118666
118667
118673
118674
118680
118681
118687
118688
118694
118695
118697
118701
118702
118704
118708
118709
118715
118716
118722
118723
118729
118730
118736
118737
118743
118744
118750
118751
118752
118753
118757
118758
118764
118765
118771
118772
118778
118779
118785
118786
118792
118793
118798
118799
118800
118806
118807
118813
118814
118820
118821
118824
118827
118828
118834
118835
118841
118842
118848
118849
118855
118856
118860
118862
118863
118869
118870
118876
118877
118883
118884
118890
118891
118897
118898
118904
118905
118911
118912
118918
118919
118925
118926
118932
118933
118939
118940
118946
118947
118953
118954
118960
118961
118967
118968
118974
118975
118981
118982
118988
118989
118995
118996
119002
119003
119009
119010
119016
119017
119022
119023
119024
119030
119031
119037
119038
119044
119045
119051
119052
119058
119059
119062
119065
119066
119069
119072
119073
119079
119080
119086
119087
119093
119094
119100
119101
119107
119108
119114
119115
119121
119122
119128
119129
119130
119131
119135
119136
119142
119143
119149
119150
119156
119157
119163
119164
119170
119171
119176
119177
119178
119180
119184
119185
119190
119191
119192
119198
119199
119205
119206
119212
119213
119219
119220
119226
119227
119233
119234
119238
119240
119241
119247
119248
119254
119255
119261
119262
119268
119269
119275
119276
119282
119283
119289
119290
119296
119297
119303
119304
119310
119311
119317
119318
119319
119324
119325
119331
119332
119338
119339
119345
119346
119352
119353
119354
119359
119360
119366
119367
119373
119374
119375
119380
119381
119387
119388
119394
119395
119401
119402
119408
119409
119415
119416
119422
119423
119428
119429
119430
119435
119436
119437
119443
119444
119450
119451
119457
119458
119464
119465
119471
119472
119478
119479
119485
119486
119487
119488
119492
119493
119499
119500
119506
119507
119513
119514
119520
119521
119527
119528
119533
119534
119535
119541
119542
119545
119548
119549
119555
119556
119562
119563
119569
119570
119576
119577
119583
119584
119590
119591
119595
119597
119598
119604
119605
119611
119612
119618
119619
119625
119626
119632
119633
119639
119640
119646
119647
119653
119654
119660
119661
119667
119668
119674
119675
119681
119682
119684
119688
119689
119695
119696
119702
119703
119709
119710
119716
119717
119719
119723
119724
119730
119731
119737
119738
119740
119744
119745
119751
119752
119753
119758
119759
119765
119766
119772
119773
119779
119780
119786
119787
119793
119794
119800
119801
119807
119808
119814
119815
119821
119822
119828
119829
119835
119836
119842
119843
119844
119845
119849
119850
119856
119857
119863
119864
119870
119871
119877
119878
119884
119885
119890
119891
119892
119898
119899
119905
119906
119910
119912
119913
119919
119920
119926
119927
119933
119934
119940
119941
119947
119948
119952
119954
119955
119961
119962
119968
119969
119975
119976
119982
119983
119989
119990
119996
119997
120003
120004
120010
120011
120017
120018
120024
120025
120031
120032
120038
120039
120045
120046
120049
120052
120053
120059
120060
120066
120067
120073
120074
120080
120081
120084
120087
120088
120094
120095
120101
120102
120105
120108
120109
120115
120116
120118
120122
120123
120129
120130
120136
120137
120143
120144
120150
120151
120157
120158
120164
120165
120171
120172
120178
120179
120185
120186
120192
120193
120199
120200
120206
120207
120213
120214
120220
120221
120222
120223
120227
120228
120234
120235
120241
120242
120248
120249
120255
120256
120262
120263
120268
120269
120270
120275
120276
120277
120283
120284
120285
120290
120291
120297
120298
120304
120305
120311
120312
120318
120319
120325
120326
120330
120332
120333
120339
120340
120346
120347
120353
120354
120360
120361
120367
120368
120374
120375
120381
120382
120388
120389
120395
120396
120402
120403
120409
120410
120414
120416
120417
120423
120424
120430
120431
120437
120438
120444
120445
120449
120451
120452
120458
120459
120465
120466
120470
120472
120473
120479
120480
120483
120486
120487
120493
120494
120500
120501
120507
120508
120514
120515
120521
120522
120523
120528
120529
